643 306 422 536 269 540 615 598
569 311 310 227 460 43 380 39
643 324 172 129 104 85 68 125
863 308 615 71 286 638 262 9
757 356 550 234 595 539 285 9
547 429 381 36 42 355 101 67
751 34 181 154 547 575 116 29
677 51 525 592 163 631 115 108
547 176 480 462 136 255 505 289
643 35 414 457 188 204 422 203
853 496 562 595 287 616 184 17
941 7 119 516 266 516 675 29
751 67 226 29 32 118 666 470
919 10 360 587 916 380 212 437
587 272 404 76 494 327 60 80
887 39 203 776 429 810 779 38
919 847 155 165 704 467 29 29
683 565 495 490 568 675 314 106
829 569 317 565 129 711 452 9
607 450 401 153 527 93 125 291
919 32 721 162 894 293 348 361
631 186 169 359 539 188 44 496
947 561 505 771 666 882 160 362
659 641 23 397 328 163 562 212
719 282 348 396 699 269 483 64
953 682 264 74 717 639 250 49
683 256 32 58 440 75 391 83
757 75 358 155 640 107 357 486
673 475 290 576 474 386 62 143
563 454 142 138 17 538 364 15
619 589 275 615 361 380 204 347
797 66 509 667 321 415 441 9
607 104 518 345 262 136 402 477
911 491 123 311 645 391 33 792
647 98 115 122 12 464 618 22
701 317 19 601 546 14 155 628
911 306 160 138 649 493 757 96
941 298 405 32 412 597 341 201
641 625 134 292 196 91 376 175
577 546 185 411 151 464 368 80
719 460 286 94 254 583 575 286
641 21 530 45 217 8 372 100
881 50 695 623 218 480 617 23
557 125 514 554 415 405 534 233
739 454 3 280 474 295 278 229
709 387 69 563 402 621 274 454
601 300 551 378 223 377 257 410
701 388 626 469 673 32 330 24
953 401 473 749 613 432 684 405
733 680 457 563 387 413 265 673
991 733 440 751 230 763 163 70
863 416 45 413 206 482 430 342
733 608 518 235 394 726 676 72
563 493 181 558 226 444 23 166
557 143 547 426 334 540 70 25
617 296 448 166 202 373 204 85
587 354 576 58 517 365 506 264
859 54 251 23 782 492 182 88
593 34 10 520 571 309 287 228
839 611 810 195 641 283 508 799
547 205 241 457 372 457 175 20
797 238 545 520 697 33 579 231
1009 124 683 680 744 563 822 470
863 9 505 427 771 427 771 1
647 463 361 85 70 457 412 392
641 472 413 453 350 552 73 196
557 71 26 409 7 298 196 328
811 85 548 588 415 571 27 745
859 828 637 300 644 698 430 839
809 217 67 7 66 95 709 6
937 305 279 35 829 568 728 210
977 409 838 437 642 793 291 766
937 113 120 451 208 536 610 841
947 893 708 335 565 746 575 628
967 478 484 231 97 627 805 90
881 189 475 346 312 471 32 75
677 69 311 21 462 284 381 398
821 274 5 534 205 493 604 426
577 400 155 452 453 394 8 171
577 508 24 0 425 130 219 190
863 347 421 446 480 395 568 69
997 884 806 793 798 641 851 91
787 59 373 460 224 370 162 84
733 396 531 652 667 447 719 66
709 179 592 5 504 381 107 25
647 625 539 59 321 157 214 110
641 264 335 61 320 201 393 45
773 479 438 505 768 86 691 84
823 449 129 696 57 801 606 587
607 28 231 20 577 42 469 534
563 259 380 248 376 166 447 15
773 702 427 241 410 648 58 553
701 655 312 424 484 185 557 36
787 369 618 526 679 650 390 547
821 176 464 511 140 746 753 410
719 205 599 543 647 494 118 536
673 511 395 140 211 203 410 625
853 769 623 471 756 770 387 57
823 112 30 266 752 659 610 224
563 304 267 148 69 448 1 381
1361 105 1165 594 49 743 1239 296
1667 129 1387 786 1233 580 1137 351
1223 647 65 636 589 812 827 177
1291 726 804 253 553 632 645 13
1069 813 1066 227 71 911 11 48
1109 1019 381 1085 45 226 207 212
1327 667 708 950 668 360 718 177
1873 1754 526 1769 750 1566 1293 1486
1327 247 405 205 466 1050 17 27
1217 79 637 751 519 289 624 64
1409 319 390 917 825 925 624 677
1097 683 928 995 148 450 789 854
1367 243 1270 1109 370 1109 370 1
1511 1431 179 598 1178 1002 751 1396
2039 1778 348 562 1321 381 1844 225
1483 899 1232 1395 774 1177 581 1079
1933 482 1739 1299 582 1357 465 62
1361 917 418 84 927 511 110 105
1721 1652 526 1316 165 1370 959 131
1307 650 142 859 686 557 560 434
1499 39 318 55 427 1389 873 198
1303 735 438 1144 1113 910 282 166
1097 494 553 1077 1082 1052 509 335
1879 821 217 660 1152 1489 1261 1435
1693 1325 595 242 1332 642 344 750
1657 1290 1280 934 960 940 174 115
1543 493 1514 458 287 991 757 20
1231 453 1146 1223 920 1158 531 515
1051 908 205 707 365 679 995 980
1259 482 643 356 536 762 611 183
1823 1767 375 1310 260 1310 260 1
1109 39 937 270 588 195 202 471
1231 677 494 57 1119 1086 358 286
1051 115 137 459 21 1041 917 44
1153 550 687 252 51 790 120 226
1613 534 560 1471 1215 1038 1274 1077
1117 503 90 1024 35 487 260 968
1609 512 137 351 815 516 453 60
1471 493 976 535 1010 779 647 326
2027 814 598 227 846 498 1716 574
1901 83 329 857 111 1643 43 291
1291 637 1116 323 128 162 1289 357
1109 836 428 949 1048 994 38 57
1231 677 1032 664 860 565 1051 85
1609 286 850 1338 1483 87 833 756
1543 187 412 1121 1014 47 1453 279
1091 324 253 727 593 230 662 120
1667 939 435 265 1364 1637 1508 141
1109 390 353 74 488 516 706 161
1193 363 104 866 73 873 458 658
1979 490 1243 1656 1276 299 274 287
1483 1384 525 566 565 759 538 564
1777 942 1243 1280 90 246 531 172
1747 348 1188 1110 1270 757 1388 175
1087 1054 842 460 340 686 319 225
1811 365 1168 1300 32 405 56 169
1571 826 1173 503 995 772 1372 1069
1259 944 638 643 1012 895 694 184
1277 1120 1076 937 176 736 347 140
1753 471 318 1130 341 1576 164 735
1523 929 1289 200 84 1412 828 446
1381 234 928 66 536 415 1111 16
1367 189 427 1305 841 204 482 93
1999 478 1048 926 1873 1801 257 464
1607 1103 248 304 235 1088 64 490
1153 89 376 333 892 375 288 344
1409 382 884 936 699 592 1347 557
1487 1025 1005 728 990 828 1008 1376
1297 1113 257 108 191 255 178 420
1439 819 425 116 1433 719 1311 809
1777 1724 906 1154 1709 171 87 1198
1613 352 653 505 1570 328 281 448
1471 615 965 931 680 1287 937 304
1459 1031 1190 1229 1311 50 885 453
1297 700 258 773 883 67 1109 46
1879 1234 247 1780 505 790 950 43
1723 57 1604 1635 908 1684 1081 1520
1879 1023 304 590 56 720 640 1150
1459 474 993 329 314 358 39 1198
1721 1055 815 1554 1220 1699 705 1476
1069 48 201 97 177 10 1028 45
1217 746 826 343 204 21 1203 945
1723 419 1533 1140 1201 808 53 144
1123 450 1016 701 297 79 484 51
1361 1044 254 234 1031 663 1208 107
1747 72 234 1094 1379 483 447 107
1373 286 676 432 353 44 1342 1261
1213 596 1096 185 183 660 869 253
1987 574 212 828 10 990 710 852
1621 1605 276 83 1579 1609 19 540
1733 702 225 957 956 1579 1288 1467
1493 1269 525 1440 1173 566 1311 80
1733 29 1502 1614 1101 564 1398 751
1973 1139 1753 1056 1195 114 276 339
1151 985 994 738 622 212 843 92
1693 144 1646 557 490 1506 559 253
1583 1109 689 315 908 304 1384 386
1193 240 517 1114 639 173 678 30
1993 1404 1221 1376 1684 879 92 498
1061 608 250 616 584 891 59 32
3709 1136 2222 3195 818 175 163 1331
2971 1020 251 2531 2177 1450 2325 84
2689 1852 611 1594 318 1346 707 2590
2887 2139 1330 1743 1429 2819 2397 1052
2243 1152 298 985 1146 650 857 546
2213 678 884 612 1137 1056 140 49
2803 76 1845 1068 866 900 848 2030
2647 2286 1572 2059 940 1673 1277 1835
2437 1523 268 2146 1035 2304 326 1624
2383 2312 1016 2017 1603 1073 115 530
3943 192 2253 1969 2661 835 3835 1024
2099 144 990 1196 181 1799 895 963
2803 1407 1768 2501 2546 961 1012 358
3457 1485 3180 620 2928 2699 1961 1823
3673 2784 1949 313 1460 3323 972 818
3191 2559 1250 570 1748 490 1399 959
3391 2429 2966 1489 659 191 1187 1608
2281 2019 773 2172 826 1166 1413 61
2777 2255 1928 1499 719 2115 2325 125
3583 324 14 371 2341 3533 2199 495
2069 1176 464 1922 1306 623 606 11
3541 2076 708 1076 2099 2375 2924 624
3121 3090 276 893 488 2163 2556 1093
2857 1766 1976 542 1245 1839 930 272
3877 267 2602 3098 2932 2476 184 1731
3019 526 2263 17 1098 2522 1763 347
2767 1050 2157 1055 1643 2228 2585 2716
2953 952 2155 1031 440 2865 994 61
3469 2852 2601 1968 1728 1349 527 1253
4057 3787 909 178 851 2134 3663 2879
3271 1823 3228 2518 1824 918 300 578
3947 2156 3793 973 1697 1006 587 2816
3877 2261 2341 1235 1972 1091 3396 281
3643 1807 469 912 2075 1637 2159 1297
3851 2949 2501 3538 312 1156 3092 3749
2053 256 1094 1443 890 1474 1937 194
3167 2589 2368 1675 2564 2905 1088 1034
3449 1534 1001 2120 1923 1834 2552 2812
3373 1207 522 119 573 27 1434 186
3779 3576 196 434 2321 1406 350 61
3803 253 3153 1210 537 3293 3042 627
3109 2564 3007 2537 269 2825 6 749
2297 1945 1802 836 944 319 167 2284
2833 2470 192 433 2349 2496 664 343
4001 3549 2137 1325 2712 1 117 1018
3607 182 3018 2739 1062 3082 3595 1190
2179 446 399 1921 862 156 311 258
2917 1029 2808 2562 1772 575 815 1775
3613 3191 115 1266 1389 582 3575 958
3271 2760 984 1996 438 435 577 713
3037 2668 1563 1094 2177 717 1064 632
3499 1768 1487 1655 3291 1599 244 1010
2287 1750 600 1354 598 920 871 714
2111 1741 1520 143 689 544 363 1365
3121 1903 2052 1935 3115 449 2034 474
3821 1217 1891 1707 2577 836 1771 63
2689 989 2549 51 2615 1945 1022 100
2549 2179 875 1948 899 291 1957 210
3511 2698 2441 2283 2896 3266 2937 1655
2767 1670 2393 2453 758 1832 919 455
2309 2070 968 1850 1918 1278 345 517
3583 1933 138 2440 759 3179 130 597
2089 836 427 892 983 1673 347 194
2897 1146 1962 132 757 606 2352 82
3709 2869 3141 3471 3706 3247 397 158
3329 2914 2712 167 1411 2308 161 857
3457 415 1184 1102 2586 2800 1515 134
3181 2593 2183 3161 2166 2974 3074 1170
3833 3108 1436 3223 568 3688 2873 2992
3319 2211 2636 1070 1121 2840 418 2675
3659 2459 3078 1124 2806 2189 1951 588
2687 697 451 1611 184 838 1146 205
2339 741 2080 510 2287 30 269 192
2137 1148 404 1486 1965 2075 1226 137
2647 1476 1943 1645 2240 239 2414 453
3299 1339 1988 1455 712 888 1975 400
2099 881 1930 6 766 1248 1820 839
3881 356 829 3439 418 2749 3518 71
3709 2769 3419 3594 3701 1875 1388 1087
2963 965 737 1317 2274 2366 1945 347
3137 1728 585 2997 33 2120 958 2195
2803 1726 1199 1143 1524 2384 862 287
2557 1742 2125 1096 1376 304 1588 292
3187 2601 1210 3075 2862 1537 133 1067
3253 543 1861 38 942 3064 758 618
2677 2073 467 1897 15 2570 2472 714
3121 2894 2357 2342 696 1496 2660 888
2903 411 2006 405 2461 1098 2826 84
2833 1950 2009 2578 738 2030 2298 1282
3851 3622 1184 2600 1695 1153 3809 2161
2341 1857 102 2284 432 770 1015 252
3271 1894 3220 2136 567 862 3009 82
3203 575 2964 1172 3013 312 895 77
2819 1220 2495 2461 2520 1038 1950 77
2287 1012 541 1666 1897 681 884 471
2903 1743 632 2871 348 711 2585 475
2081 425 1988 1173 1585 1478 1931 34
3137 1013 2367 1600 953 2045 1908 1346
3023 2552 2056 174 625 778 202 328
2789 905 856 1067 681 512 1662 2230
4423 2813 2337 2849 4011 3314 2210 2299
7039 6030 3175 1348 3828 1583 1323 3466
6911 5439 6400 6116 3522 1739 5180 804
5147 4532 4770 2639 873 3560 5009 3598
5639 4584 2335 1305 1742 258 2276 938
7177 860 3407 5014 4158 4195 4611 6695
4943 4861 4560 1342 4705 69 324 1218
7057 4172 1624 1991 2109 2603 582 4467
8191 5582 1121 5956 5753 7209 7395 5800
5059 966 495 1549 1489 3651 363 3507
4253 1364 268 435 3602 1633 4237 1872
6917 2696 5496 6653 1087 415 6660 1877
7283 1564 4127 1268 2774 3298 6407 4394
7481 174 6070 6918 1888 7238 3139 4
8093 5266 2348 5487 1011 5310 3145 5096
5717 3817 1376 4755 2171 1555 3049 2744
5927 1360 4688 532 4413 788 1370 1240
7487 1118 1832 5285 3608 7262 2000 94
8101 6920 3305 5252 2453 4886 3299 426
4457 2329 3570 525 3794 1966 1108 977
5527 3705 1694 1725 2938 1876 2954 543
7867 1365 370 1000 1082 3327 954 4500
5503 2926 3807 1163 3695 272 2587 1143
7159 469 2657 328 6549 6566 6677 185
6379 5880 10 1121 96 4159 4717 519
6619 4822 743 3443 2175 5471 463 884
6067 5523 3770 3547 434 2700 947 442
4457 3250 3458 2581 3 3175 2471 624
6659 4902 60 4737 4760 1720 5405 1123
5333 4739 2877 3372 3182 3958 1767 422
4597 4050 126 410 4354 3715 905 378
8093 3891 4569 393 4669 8058 1849 2513
6257 6251 3238 3996 3445 4437 2512 2352
6883 794 3454 6252 6483 6773 3841 587
5741 5718 1764 2392 5297 5381 4344 4190
5227 4082 2375 2765 2039 4884 465 1009
6451 1215 6169 6055 5996 3864 5636 34
6529 5157 3549 5980 4397 66 5107 1427
5849 1969 726 3107 4670 1299 2125 536
6607 2105 3938 4938 5356 2266 5752 1538
6133 1406 2075 5008 2927 5695 79 3870
6733 2274 2601 1328 524 4422 878 5413
5171 2892 3091 5028 3123 2852 994 3101
4603 2323 1967 737 1656 2344 3135 505
4903 1404 3650 3434 2148 568 1975 2302
6301 1847 2045 3241 2572 4246 6123 145
5023 2181 2073 3935 458 658 3689 1772
4519 2153 3773 1730 1151 1214 1193 1322
6883 449 4208 5110 3494 6318 5780 5898
5279 3929 3885 5187 215 858 575 3808
4787 710 2795 1329 1409 3505 2359 2806
6469 3185 2109 5853 5912 55 5548 5498
6827 2763 1393 4978 35 3540 176 1484
5417 2733 4881 2316 4652 5298 3477 77
7103 3450 6870 3332 5999 6840 4271 1852
5279 4283 1160 3704 1555 1880 5227 2552
4793 3156 2797 1138 582 2207 342 1655
5641 173 4865 1834 1646 4406 2516 1171
4651 3747 3444 2795 602 3444 2223 4178
7457 6209 1218 6458 6642 5042 933 7041
6991 3261 722 4784 2249 5722 4668 559
6947 146 5388 73 6029 769 5734 1007
4253 1947 1324 3480 2087 2559 4087 268
7901 4093 2055 7155 2456 4777 7474 204
6449 3730 2490 4928 2745 2875 3223 2731
5003 3637 112 4966 1 1719 1003 4962
6343 5333 5401 202 1425 797 3014 2756
5437 2496 4632 761 3527 3562 4126 1608
6067 5883 324 5150 4034 3401 1606 149
6359 2935 6166 2944 3826 5497 4240 13
4217 2862 3779 521 1705 2628 1486 3681
6163 5930 5956 2122 1171 4373 2316 351
5237 4374 3028 2465 1357 3763 4925 2
4463 3840 2866 1581 1023 1601 2302 101
4909 4429 2647 4905 459 2292 3546 822
7229 941 751 5720 3163 5285 4591 6254
5477 5087 2058 1943 269 5261 98 3858
6619 20 1660 915 753 4599 866 3503
5701 1514 5282 1822 2003 5345 4763 1095
6067 6020 2038 1909 1688 1096 3498 2504
5297 4149 187 1929 2325 4338 5051 617
7529 699 3560 5300 4074 5773 2738 2021
4157 2946 1397 4009 3228 3151 2966 323
5981 2323 2875 5304 5514 4107 4080 1792
5233 3776 2133 1283 3857 2334 4697 3183
8081 5954 4865 6427 1499 2683 4082 2482
5861 1261 5281 5732 4744 1943 661 2489
5867 2459 3759 4653 1357 4973 4282 2088
4259 2189 1809 2942 3259 4114 602 4041
6841 4281 1397 2101 4442 5271 3680 729
7937 4722 6459 4238 5257 4771 4271 569
5527 2143 5444 1886 75 2255 3005 1349
7459 4142 4984 4435 183 3049 2310 1632
4943 4367 3384 3772 1695 77 4076 2428
5153 1112 590 3483 3391 2144 2127 943
4159 648 3715 2838 756 1951 975 294
7817 2250 2408 2575 4052 5761 153 3440
6337 3804 760 1530 1772 4685 357 944
6793 4270 2712 301 4093 587 2342 1206
7211 5625 4700 6607 1724 4690 4746 2807
15959 12964 2165 2793 13379 15514 11333 1591
10177 7279 4099 5842 2162 7747 3447 2876
10709 8282 9175 8035 8581 8486 876 5580
15551 10994 1550 5229 14262 1332 9188 119
8807 4168 4827 7885 776 7885 776 1
14653 4852 14437 4315 4465 4127 4143 12231
12569 10041 5515 730 10532 8594 7966 2363
13553 11196 7548 10188 620 2330 8412 2938
9437 4238 8570 6553 5213 652 7020 4868
16007 11144 13482 221 6355 8072 11057 2403
10357 704 2837 2371 5556 8324 7379 547
9817 557 8243 7060 9581 2906 9688 2883
11699 2845 8795 4074 1783 1771 10172 615
13477 6080 3397 6618 3123 10524 8932 3005
10099 1053 3998 2881 3769 4136 4957 2917
9643 743 164 4973 9537 4074 5753 5797
8761 3739 7838 6782 1348 2055 7810 746
13967 9458 9802 2583 4822 4612 1727 1351
12263 1091 3537 10132 5429 5653 12055 3593
8513 2813 6972 4588 2805 3012 7418 5862
14699 5049 713 12386 12320 3831 12128 11167
15073 10944 12949 10507 14331 7976 12701 2219
13147 11808 10848 8176 11360 5995 11854 3076
9403 3988 1792 3868 4226 4170 4852 1069
11923 1061 3242 9558 2204 3496 5306 6720
15349 14056 5219 5418 6921 5037 9537 3379
9157 733 6963 2662 3160 8085 6114 2853
13499 8691 3798 3786 1273 6786 9465 26
12967 8859 10844 8137 3245 4174 7777 7041
12893 5644 10219 9980 3005 2041 4885 250
11941 6385 168 2939 7482 5818 931 300
11621 6832 7989 2816 872 3604 1591 1856
14779 2354 8254 2804 13706 5830 2170 3889
8963 645 3072 2451 4173 2761 592 895
12583 4234 9881 10791 1993 1905 1781 3478
9973 4401 59 4747 5656 8362 973 4869
12703 6423 10809 2805 11882 11122 2180 1527
11057 6103 3993 799 7382 6677 583 772
12043 9880 8203 2762 6587 11822 8475 2135
13009 2955 3326 12133 10664 12363 8816 2303
13967 11115 10216 6626 10618 9604 1580 1015
14549 13890 61 10783 9936 11396 4925 2296
11491 6891 611 2883 8451 11299 5836 6057
15817 2039 11785 7064 2805 9128 10077 2600
15761 10539 11400 1532 9812 9574 3245 3866
15313 2776 5761 8387 165 6228 694 166
12197 1210 3283 7224 5318 4472 5341 7579
14401 3697 11871 5634 8581 10314 7817 4260
8513 2663 8414 6728 2488 6103 7525 7912
8287 6302 6187 2185 2276 816 2423 170
8693 6542 2593 5626 6816 7297 5866 2181
8747 508 347 6656 6105 7384 3511 166
14071 952 8595 5753 7095 12143 13468 86
15289 6669 12760 14395 5308 252 1984 1671
12113 986 10884 2929 3608 11926 7163 1154
11779 7562 4018 5308 7392 109 2839 4960
12941 9627 3317 10123 7820 2857 1870 7486
8291 6113 5197 6255 2989 1959 2816 1069
9461 5373 316 2432 6631 9184 1637 481
16267 9733 12917 9246 623 8552 1305 1402
9203 6823 2112 5308 2878 5855 4379 579
15299 8751 6835 13998 7958 2150 14064 7797
13693 8926 7786 10378 7382 3615 6200 296
15919 15178 15636 840 1830 11503 15680 5202
15583 7561 7638 2714 4308 13630 8657 13831
13477 8548 2528 298 6767 6071 2237 11721
15331 5482 8942 12479 3863 5959 4924 3055
10853 7619 7570 5651 10172 8637 2720 2123
11213 10848 9 3757 8589 3091 5738 249
15661 15450 9839 14289 7616 5208 12688 1210
9733 8480 5812 7464 407 1336 301 1058
14653 12419 8361 3685 7404 3861 5414 5323
13901 10630 4115 1187 13848 1862 10560 8330
16273 11605 13305 6851 6915 7358 6223 5869
12893 7870 4598 4191 1380 1611 9014 513
9833 5975 9391 411 3060 8136 7262 9345
13219 1014 12817 2847 6311 10040 5208 2058
10613 9492 4697 3113 2169 878 1569 91
11369 10018 10741 6252 791 1165 5198 1434
14669 14154 8878 6019 13998 13670 4382 3051
9491 2164 6318 6576 7447 8181 4919 8157
8707 4239 6338 1938 5967 250 4476 690
10889 2761 9725 3368 3988 8685 7216 4896
15667 13529 43 3146 13544 12584 10921 3361
10139 6112 3470 4206 220 7927 2826 678
10909 8783 1586 9573 9376 711 1280 6706
9133 6199 8683 3512 4123 8750 7524 1690
10253 877 9343 7824 9896 1455 5699 1206
11587 4215 3954 3984 1192 3209 11436 359
10243 2776 1949 8716 6365 10161 4648 4627
8537 5548 1622 4528 4232 2552 151 4916
8803 5822 716 4303 3340 3126 4539 2239
9859 5642 9646 1440 9663 2211 9021 8268
14207 7899 12379 9606 7513 13941 6204 588
14479 8884 10053 1244 8012 9268 13448 1659
10993 9025 9669 6213 9567 10206 9871 201
9811 1180 8465 979 7049 9182 5522 6237
13163 3363 12358 12034 8079 9984 4847 3400
9221 2794 303 8288 1373 8690 4724 3430
15121 479 1483 5849 12816 5414 4859 1973
18637 15338 4599 5211 11036 10678 17016 4172
32327 17535 9877 14270 3155 27929 10890 14563
31259 20100 4692 191 23842 15708 4151 12285
18047 15529 7178 1490 7512 4562 16400 8336
16487 8986 4707 15323 2296 12337 12571 2609
26947 13751 17505 2786 5372 25875 3221 83
27407 5466 16718 19713 10569 17230 13631 17734
23789 5349 14937 21055 17189 11429 22230 854
24469 22607 557 8258 22372 18064 21365 569
26227 5377 991 15917 1443 22292 20436 2122
24847 20924 9665 17370 8454 15497 14358 3288
22193 21912 13017 12312 7221 9600 819 9746
21011 529 6539 8590 19610 7061 5953 5682
26959 8348 24876 17485 805 25912 23947 1446
17569 845 5758 9519 16692 6961 8286 4654
29023 26966 28212 23520 22028 14779 4067 20051
16453 15508 11704 4987 5584 14255 5929 720
26633 16784 16354 25549 10589 265 1490 17755
25349 1377 979 5879 10417 349 4124 748
19661 12934 15038 4072 15940 9412 3263 59
31793 13134 9969 27594 679 6572 13628 7006
29251 4224 22347 26483 14136 24653 25116 1786
22739 17881 1514 8614 5473 20958 6613 21779
31859 15768 10772 23307 30762 12338 30782 15149
24781 23135 14840 5831 4647 20739 4909 21038
24439 23121 19374 7421 21828 13453 19879 5305
21313 3639 21121 2830 20236 9586 5143 6191
23431 4931 5932 7682 14206 3727 7699 22968
25523 3805 22231 22305 12770 8517 24235 256
20389 9880 9944 15346 6040 18809 7596 1062
32569 8898 29607 7683 22109 10516 7879 13816
25717 9590 5791 23745 1281 7891 11386 3362
25919 17395 21838 3479 10454 24234 9510 11402
23017 6029 19708 6129 4956 2591 1905 804
30307 5831 13075 18197 30224 13662 25547 24246
27299 9269 436 17856 5332 14809 20298 6144
21101 5282 14409 3560 11908 18012 1957 5389
22549 2258 18980 5874 7690 14207 12845 212
25127 12506 21490 22524 18811 323 22079 6572
28547 3364 16926 16223 27958 17407 25297 5569
28393 2669 25845 2545 950 13029 3036 18563
30323 8248 14329 17875 25222 3783 7133 103
20357 9912 15450 7306 17692 5931 3882 2612
29629 19148 19949 24598 4997 5778 17942 10159
18367 15287 15362 3066 3427 3350 16169 13327
21851 9745 18719 11752 18599 21135 4923 9278
27763 14687 13351 15179 14770 11250 3624 7767
20173 4771 8096 9524 20006 19440 1706 19794
23747 20790 20115 14324 12961 23282 11374 10114
31223 18716 19457 30245 17203 30179 21259 27732
27917 19886 12041 14493 19754 13177 6111 65
29269 5126 499 18930 7027 23110 5646 19633
20089 3778 19983 15975 19985 6217 1699 11057
24971 3094 7815 22937 11851 1526 14967 10707
22279 14838 20448 683 11894 845 3608 18344
18593 11914 6349 8973 2152 660 13199 7377
30403 15521 17974 9067 10006 20893 28892 3608
21589 12900 6421 9561 5570 14671 2271 1868
19237 18760 6664 14564 1221 5061 4784 2771
19489 19487 5550 9455 14828 1794 3224 2875
29453 26545 20048 18201 1718 16982 5064 1363
26459 19880 24722 14481 14362 25013 12347 6142
26573 11292 7627 12133 15251 2234 15438 1227
17047 732 1505 2734 1018 3669 1211 2916
25673 6366 2997 24401 24081 18318 10098 1943
21481 6189 4598 10747 7372 9009 7997 6214
17041 6509 5099 12942 12755 9455 12521 439
20047 13083 14640 19038 18983 11442 15806 2264
20743 11245 18423 2952 18267 11578 5965 2529
18313 700 8985 6593 17914 5928 7551 2877
18979 3538 3491 7689 9748 9026 11351 10168
26717 4317 20492 15258 24810 14474 7014 2273
22271 12549 18968 3267 4006 15750 12527 1042
28097 26806 16082 16725 18170 26582 15149 233
25169 10716 3418 23765 6210 21891 4615 4761
29753 3313 11637 13300 29511 15288 8822 14247
19531 2952 536 13459 8379 2380 8466 1163
17957 9542 9643 7668 399 10057 13881 17718
25733 14309 21524 12594 7803 16257 11046 2303
29059 6950 13496 2253 22984 5236 228 6267
17989 15438 15319 1840 303 15799 5284 11249
26083 21327 3248 8028 15061 4021 10058 1610
26903 23017 5137 8338 16926 2102 12055 9107
16787 14521 5756 5683 1772 2922 5533 3139
25819 2264 25206 22454 18252 5467 10377 4846
30137 835 17700 998 13706 808 13174 3426
24631 20904 17167 22659 16357 21522 10693 9486
32063 105 31595 6630 8353 6170 30883 10490
19009 16487 5796 4941 9462 10063 8930 3665
19087 12118 6212 2853 18936 8265 2289 7738
31307 18322 15877 4909 14706 21884 14362 13603
21613 3341 15685 2420 10339 1371 2277 4722
18517 1006 15154 11464 347 2400 2810 5511
30557 15671 25991 13151 26942 19219 15265 6842
21799 2873 17227 10213 4151 2980 10831 2602
26959 14495 15616 20224 17777 13962 25147 404
20287 13399 12059 15652 10853 6170 1012 17021
29167 16169 7960 3541 25898 28384 1033 11812
23981 22383 21328 8112 4613 10995 13273 11283
26357 14743 22479 5790 16488 5611 923 15541
37957 22045 34546 15374 6292 35002 8620 4614
54443 12677 31459 32905 46146 51764 19944 31890
65179 24313 35637 56887 38020 3729 31125 14932
53993 27458 2194 48022 7423 48650 52311 9838
42727 7923 41372 18174 9474 26920 35387 9255
38557 13624 20837 23832 35106 6277 37398 178
44381 35236 3476 13975 38073 30466 4158 11029
34603 34397 19175 8494 1553 32012 1495 1014
32939 23816 8264 3373 6282 4092 30971 5633
62497 3860 20622 4988 6751 54323 2459 891
51631 5013 26789 42214 3647 32803 48035 7907
38569 16959 10036 19548 20920 4678 9639 5499
44843 8430 9469 28877 28087 24686 34269 38890
57973 51248 10858 17363 32243 36984 32691 49986
59273 38984 38998 6235 19936 8551 41522 7516
36671 10364 34262 9664 7185 10970 4008 1615
62017 59999 12349 48677 35255 44257 16062 21017
54973 24369 13288 28238 13997 34677 52197 32028
49627 9939 27176 17162 30650 6420 19886 11923
56503 4192 18609 16751 44772 16044 14935 2706
53693 29777 28115 52509 23187 6488 17754 11299
61879 21183 8807 60532 45987 50829 2054 1446
44281 13940 34857 28726 43612 25499 14026 8071
42281 32703 29628 21429 4730 37978 4353 21433
39227 22480 13809 13525 29177 8466 5936 24554
62939 17896 7288 29967 2712 57999 1890 2070
37529 19839 18320 33111 5074 12928 17465 30134
53693 35498 6962 22688 4576 31026 38841 28920
53077 44739 21480 39422 37224 37851 50957 25326
39953 12205 5160 23216 5323 18782 12812 2121
55793 25014 45759 5556 33361 35636 5746 2819
59747 26308 58485 1530 35931 40661 46175 36191
64591 26147 620 9197 39828 57472 30407 20000
36637 14498 19365 30745 32808 2110 5508 35801
36583 32926 2894 650 29558 3582 5879 9725
59729 32216 58377 46338 51088 39359 11234 41332
35617 28123 13825 6757 18851 27729 11395 17917
33577 24798 24521 18753 32958 14551 10972 25197
40459 25257 38077 37563 17546 1397 627 858
47111 27596 45576 31114 14521 14962 30253 12882
59263 1202 27954 35953 55006 13567 54767 44787
63353 21 6343 62949 14825 62397 35810 3748
64067 24480 35536 46635 13988 7731 52800 21166
33641 138 658 451 7479 33317 33405 246
42979 15425 7187 25291 14363 36258 6269 1623
34141 20507 20047 6754 1657 5396 30934 1056
63097 39924 1540 50704 61835 49929 19147 191
65293 26834 27979 61424 14507 32788 812 3913
33889 19629 29978 9058 26163 10689 10308 21216
39439 23759 38946 732 23502 15996 11980 6186
39079 1986 20381 28318 18817 12910 16229 635
46997 10237 33439 8022 529 1214 39773 13617
45317 5910 1335 29697 26828 27211 29079 19903
49201 47476 32430 31830 49152 31972 38625 14932
39829 26498 499 16347 12112 19793 30054 7188
64153 21206 25975 12504 31789 24765 9005 2764
49277 473 22427 26660 8175 44597 23861 6528
43063 2778 42560 7433 35887 35173 30840 1197
36583 22114 11045 9486 12315 20035 11370 6269
38611 10933 22993 7120 5940 14629 15993 31955
42793 26232 32990 17573 24677 11976 33175 799
45013 11649 4392 31131 26790 19778 39325 10235
33851 6199 1485 10212 28682 9028 21335 4453
40961 14551 17655 39453 13925 40398 20684 194
55807 37227 47595 602 40207 9457 30520 8959
52361 32127 5298 22021 51901 25916 12158 2341
40423 19934 24654 36278 20912 16009 19047 3049
45853 32417 4407 14443 22408 2869 37463 17071
60689 3229 32026 37822 38596 50522 2013 35356
43319 12346 2818 13303 22261 25446 37365 34215
55051 25184 11266 41517 2049 41480 21753 32093
59539 58906 4391 19247 14103 44160 18522 48813
58963 7313 17007 11114 36812 3955 23826 27702
54973 4874 26754 22996 10876 45489 18352 284
52127 30936 22807 3137 38099 33196 17874 12623
44797 1153 38917 22816 23895 8729 1872 22012
43207 12576 4564 40434 42566 34041 29786 37867
51551 41380 38921 49491 45033 49118 16966 1775
64717 34186 55217 36093 6589 1378 56306 20179
41281 13828 1897 37372 2290 17131 2327 5301
61169 36562 25630 34148 30761 39463 9224 12019
37447 6263 1576 35950 13432 2673 14127 31294
47087 11584 25753 8213 46773 29358 18787 1260
64187 54429 44286 43899 51084 38923 39021 30305
48311 30018 31531 1173 1378 23452 20989 16083
57689 47915 6302 43767 32548 53728 28812 17408
59077 50791 15703 48962 46687 29797 39329 40790
47563 45552 13185 18046 18783 43401 27786 5614
35759 33517 2583 25775 22797 13604 9556 4383
44221 29823 22180 17559 22741 43989 5954 2069
36629 35867 10408 6222 12567 29664 20045 8235
48197 3300 4050 41906 44191 33560 45731 18734
63703 48000 10947 41121 35156 19769 1154 313
53089 37086 29952 17164 42957 26107 4050 22020
38317 12533 15631 26385 15743 11543 19865 394
55793 7055 4938 36085 26040 39934 26064 29875
44641 12359 25098 42002 27826 34989 7605 14899
39857 30441 25087 34415 33851 11125 32197 2645
52579 28520 22338 7450 27693 8935 30536 8231
36017 1832 10082 3043 29567 17711 35888 7451
83311 77821 16083 12127 7149 30532 76070 22090
75797 71777 30485 2962 4004 52408 45408 32853
123979 20312 14226 42044 37320 8022 101367 15503
125399 55305 73891 87200 30277 33692 10691 14333
97927 82256 35180 15259 72696 61917 2636 42301
126517 2398 28940 86479 54498 15533 6871 17456
84449 74272 37595 40232 40100 6817 2903 65047
98213 23962 45025 92348 62531 10719 20870 27348
128213 61414 38941 88889 94699 120990 40834 77096
82963 71182 81562 19233 3234 39274 57957 11945
130279 6020 44904 89731 5767 121264 21838 48580
70853 42186 52292 6082 62063 32823 23032 35105
106297 93569 55031 102114 45640 105266 100197 85230
114691 57691 46040 67814 95730 14817 53498 16869
98123 17188 49704 53235 36301 65077 59487 2560
76717 62584 49865 59541 43176 14669 23140 27549
111043 71129 82006 9180 906 100316 9983 72436
117889 16388 83765 12896 97917 61559 53963 1272
85259 12297 406 45883 37043 12831 73722 5011
130121 70574 122706 54025 70178 57360 23292 34044
129539 87136 54765 100669 119173 55393 72720 6819
87473 79496 66881 7996 73185 55745 33556 38811
97927 48126 93413 35368 7670 87534 80058 31395
116549 113837 82178 100863 7751 109474 65635 79597
88261 33361 41322 75119 60640 7297 42130 52230
122599 19838 66299 122487 49604 79539 93591 38620
85093 68811 36142 83955 30590 43305 81945 14901
97003 24350 41244 9650 80700 15101 66634 81905
103967 15844 92106 51416 61934 69037 56967 1622
74489 21667 50666 70967 35970 14820 49428 24808
109583 6864 47009 101777 88559 103031 73046 46719
114473 103396 100245 74109 72504 17539 44317 11286
68491 30216 60637 25210 54253 13268 66653 19898
84869 61766 44999 54889 5918 24393 83971 20763
99929 62947 13676 76366 13409 4080 35063 13706
115831 6356 102830 12658 12423 81551 63491 9446
103837 68781 26272 75691 95868 36163 38757 1368
81031 8532 16979 53606 6395 4054 32136 27674
85061 39555 19083 58872 64520 66148 2815 7174
120157 25511 84283 65761 84780 97458 66210 19746
102931 53571 91536 72543 3953 100736 73677 25814
93967 8494 50776 43700 88892 76763 30015 45051
115741 92177 106998 92201 57091 94647 55515 417
111997 10261 9738 9608 92526 60264 44337 11105
98669 55931 37842 86436 85953 4223 87366 19627
111829 16734 3021 66077 66641 22407 29372 57670
86077 66499 72846 15922 47662 72979 10032 13
71503 41083 63892 36978 30130 18065 70176 32032
117307 34296 31335 90223 64945 61861 93703 74218
80897 497 13679 12813 22978 914 10910 34188
88969 84678 79688 16459 70720 51393 65228 21038
119783 26441 107842 29949 47694 27231 82116 38478
75389 45249 26627 38695 51479 48307 12960 28254
66593 52031 21617 17435 17797 11705 19755 26434
127931 45562 88523 112940 7503 107507 114644 5352
91961 47068 79741 65572 8436 52825 35394 84950
73547 50987 66489 20329 44877 60914 11572 735
76673 40669 73045 23696 48770 63406 50143 16312
115597 78321 95931 56780 98139 95162 44076 24884
121931 57266 38932 46609 93198 72301 102377 5209
79559 18408 10748 51739 70823 34868 35709 54738
117727 79187 68355 63744 42553 113826 112745 110098
80527 11970 32909 3288 28619 43265 30690 46582
85213 14865 31466 59302 74518 50092 22123 1090
76463 39192 9929 69894 8556 31869 72521 48870
123923 91348 71748 17634 32476 23378 79376 60882
91841 4099 34189 75536 75374 15023 35410 4768
82699 59852 8850 16174 59253 64101 42880 2931
106877 81988 73419 23680 51225 61432 60467 2204
121921 84826 57784 25249 51156 99361 4728 28793
69691 7582 50926 40452 33470 44330 7660 4582
102023 82353 11329 70055 26977 36559 29456 17437
127277 7749 123064 31326 89444 93735 106236 17819
67567 66461 54500 42313 48424 13479 50520 2671
95717 1645 87591 16494 75168 82457 46260 5633
126943 123886 81602 76776 90211 40214 77146 107356
70009 5083 25990 15729 63851 27959 47942 25893
104999 33631 43313 16643 45651 5446 87371 25847
129263 113128 16398 79517 11398 66571 94620 3713
80831 79215 74576 24576 47770 18078 61294 26721
105767 61740 14182 92759 4806 29872 65878 1730
93763 32179 38599 53906 21208 32601 48268 531
115331 48254 63626 79547 52889 107387 111215 1859
93559 27442 1225 91776 47131 2376 476 9238
77617 72586 69860 13287 38926 72403 54295 517
79337 62296 45102 59001 74981 50125 27833 46078
97159 70910 10162 35335 52484 86280 37162 22841
65963 1446 17896 63875 48645 59974 30561 33928
84869 28504 81718 36593 40710 53143 54110 1843
75617 56076 30199 40079 7706 75203 60684 60721
67699 45244 40395 57167 5824 48941 45833 775
127399 33704 29841 11151 65506 15271 87349 7251
111029 41755 40681 5061 62425 5487 94822 107916
101419 82105 90403 82419 71736 34732 37744 76334
122509 8658 38208 3753 113776 16280 119404 4895
87803 1180 73492 23306 1468 73790 23854 35251
66293 35602 5082 59558 27827 61080 25273 57839
102397 33548 74143 69370 88718 22793 60838 11455
119129 39009 46411 12120 116740 98826 15905 20814
92849 17300 88576 36391 63856 4076 7110 26266
186647 84876 181864 157589 128525 44944 158787 57423
164729 99918 117529 88857 6463 129907 5258 119035
244507 187294 130057 176681 138695 244107 113001 179186
178441 92425 102396 94877 129281 60262 83007 49608
214009 212550 183247 19123 191179 63341 94897 2521
249881 30158 2686 11819 125301 117087 227017 236831
247999 237372 156118 75886 123045 182982 6078 25841
187181 19209 137922 109020 4297 65160 80678 5305
131543 103317 95309 14391 119946 9338 57779 38327
176557 156643 109875 20343 64128 12509 36696 63936
249229 92174 56946 45356 21460 235157 25082 231695
244619 231109 120894 25179 120864 184454 220356 44948
148531 61793 11504 100898 33317 104583 51637 28925
216553 20641 26620 165800 73634 211701 14856 9134
194767 142587 54209 137227 123034 7462 74097 11228
253823 132295 24321 29915 2138 54039 206910 196135
253777 132864 79971 25345 197489 205783 119757 17881
221093 140358 89309 189175 220745 14718 172364 80980
183637 105489 83098 98973 163465 113840 52713 5804
225637 85691 142189 186397 219912 98186 12073 34779
175723 105562 52504 33069 38562 13060 60328 2074
167023 76194 70859 139164 58586 15119 142021 1818
254833 252191 239026 212004 55435 55152 123279 87872
225079 64554 12272 97278 34141 106418 183233 169626
234659 183221 104018 225088 37796 135444 112752 53051
132967 55737 984 98635 79878 119822 68840 74795
145709 23915 57866 97378 117174 33681 106147 18303
252359 120849 90128 60909 164931 131395 230693 5942
181523 1241 145914 35108 170807 48350 132948 5936
141067 68451 106838 113855 38329 2019 75865 59659
154213 99964 125075 111271 77915 23963 144430 113361
235997 152513 234889 37983 224343 193260 115985 163024
215827 182855 131600 103963 116290 3832 18951 146362
245653 195196 87939 234992 215184 89727 97653 81304
155153 38672 46898 93153 29466 21830 103943 37609
140417 75466 14040 131128 125787 122547 94012 6086
253823 87514 11903 1308 42828 163688 157163 55016
135151 128055 98447 78338 89688 73745 65692 50696
220859 64855 217543 39376 83312 185485 91229 94660
146323 52396 68217 87714 62142 122383 45776 92264
234181 21969 140051 225097 211497 162908 152218 42161
251231 207041 240099 242852 7422 44252 83907 64701
209147 119499 123103 53293 10073 65801 186230 5556
183361 97241 21929 19947 47692 9705 133308 72977
131783 33872 70122 129922 64933 38776 60683 36745
177979 168089 154931 51756 154813 30751 39633 23771
134339 4169 58714 46152 87112 58551 76653 386
239027 235303 23956 91788 7169 194032 180886 88424
170003 45640 51288 160065 124551 88554 166152 84709
198437 168715 180336 35643 32407 32754 38055 9798
148469 51452 34977 43059 28448 58587 145335 30906
152311 127140 132261 19944 33348 42521 36662 46934
256349 135132 24763 95831 38169 27038 116390 5871
170627 10301 118006 160886 140348 149386 121617 8884
140677 8013 118174 32076 139970 6022 10979 45019
242119 57105 47984 237374 10145 98560 78703 9646
234539 73565 87662 190218 39270 64938 114586 59899
221083 134461 154114 62219 151460 89532 120578 149941
233617 60382 215478 58523 162198 103135 32342 5579
214469 153441 114954 16649 12686 207932 19257 5213
201547 60294 41107 149875 173065 149624 163624 28504
175453 78487 100065 26612 118520 160356 153439 1944
177211 48753 152617 157591 147701 159655 155997 85899
182443 168567 17230 105870 12626 113278 148719 20316
141209 58990 76852 75667 128396 70932 80733 85256
251393 16235 107361 59490 200268 249388 46359 123855
150607 15533 91377 85201 122866 20734 75268 25256
245033 47267 169348 107880 77297 154540 113400 75293
215399 171977 156553 91182 97766 85631 79486 16290
217201 54738 180643 20353 77957 41325 30340 9649
219797 14698 20903 29881 212752 15506 183654 1604
188273 41471 104926 35114 144222 72180 127864 33152
195469 175585 84489 23209 78130 168951 155993 74864
220327 19121 134736 146970 41196 92022 132864 105024
146891 80047 110413 15140 145683 42291 90410 27469
227231 81609 91929 31112 132510 78812 81171 110473
236377 19545 116079 53106 158740 4168 55100 41632
186671 159128 22551 2922 103670 58928 76743 8549
139367 121945 101005 97764 120369 82335 128634 2738
149969 146748 124907 50041 15314 80417 4479 775
141371 24972 52995 658 107578 91229 62489 95688
209233 7311 112503 188084 27451 119332 45341 23973
252691 242916 241254 65230 46922 190897 218720 116069
210943 166312 185748 73468 196090 9359 168685 130666
230449 186789 192792 230206 144035 80075 79516 5340
191507 30496 119401 189005 57193 182086 171679 10701
195973 183609 29338 11310 20814 32997 98990 171968
219313 121607 98134 32612 60793 96380 68448 16732
234833 65881 37223 145362 119905 145319 73731 47079
206273 45016 129743 145388 148178 177082 169520 27647
217727 203731 153622 67101 8026 175018 79984 11340
152909 19583 50074 71625 36304 152211 137689 143309
224423 77660 161960 192706 898 125764 57204 212800
208409 58400 30356 117182 132912 126441 108161 46472
222601 196303 54214 7466 215521 82205 1955 88404
143981 69484 44642 57426 139077 142375 114989 99416
210437 21788 76602 198414 155774 78046 10662 22490
218819 140921 17588 153853 179987 174814 17976 23894
163171 71388 42660 124844 59708 24743 145095 72153
162683 140695 24370 24831 146349 50676 162479 31376
292793 180271 255373 120080 115232 251802 193081 34060
503551 408028 247214 102483 414192 38623 445165 371177
263293 221677 188789 213459 151877 227050 56792 69338
316339 90831 54455 90328 108436 11614 207068 9576
301991 192257 268598 136173 42621 51228 165185 20420
455573 266028 180155 328990 257107 228297 261714 337
330271 96284 212834 139638 328630 45553 187302 261658
308317 52083 138149 112378 178049 247333 93801 140018
471487 168409 166031 359203 439609 111291 121681 26155
271841 23071 66525 181926 94127 128559 234296 18249
428759 12099 134301 344234 1280 103114 114080 205060
460589 316206 26971 394043 189900 288181 314817 2586
449569 335195 145899 381063 303169 167976 444015 316779
346187 103382 51012 272115 226030 191574 36542 144363
382861 146411 372450 323375 382125 174511 312133 185865
422899 275671 183283 264932 2019 126289 72891 8925
318671 32913 50358 215613 207033 295707 94467 34034
443909 339841 338139 216843 343950 59625 38145 5473
368359 113698 245665 147641 123126 137515 57485 6371
505319 16012 395764 459355 468425 306655 272625 7639
490783 431222 145268 217127 310565 370942 160952 49078
409271 394084 336197 31605 207192 230222 347196 171249
486503 209616 198785 247554 252797 36050 279949 338754
352589 7281 333488 238078 88531 287276 122334 269912
418861 68704 70698 222173 365754 417595 321568 13051
480143 379650 262880 210930 66529 402948 322490 65400
407273 200125 16167 356048 147304 199490 277456 66490
432391 153516 48518 27952 397591 392153 39748 432384
381977 358455 119074 354941 36331 314604 186588 239924
475141 122133 254947 448789 170941 301016 467488 44844
483541 64689 467074 266116 120025 297759 238597 237865
313127 305868 230897 194126 13156 264824 115818 234641
365669 71990 275923 329380 251470 284717 363974 190467
310231 172994 127327 283587 199579 50990 150893 200262
348629 282380 204606 72012 19007 9250 222729 13844
419249 149341 349916 122668 79359 44817 149133 210318
344231 250588 332487 332277 58320 159979 114399 127951
511201 137227 428277 203614 5491 484587 255755 15163
388163 233210 17481 207778 244888 368625 250595 126470
263561 2990 61491 170547 149145 164318 38891 123464
285497 139155 213823 278514 166516 93369 235056 278240
316769 228383 53590 42000 166069 14671 149020 42122
414763 317446 182220 130843 272326 83403 69744 2163
333131 170891 70635 241430 207082 238914 302623 71500
493937 422751 156731 443590 73277 424063 423298 362134
447509 134770 191951 169426 263089 324367 201774 99679
435839 21058 2875 334883 315305 270432 309138 93127
442753 225489 400181 418634 151633 263017 19216 45167
322871 95272 31396 147186 188118 314996 198217 39957
503441 370650 400509 345901 90177 209069 74743 480038
303817 38920 261901 59873 91846 232971 48404 56022
407947 392643 256078 361880 290750 381978 181801 33845
513353 103994 209586 336119 130492 441861 325103 261618
296071 207211 204059 277565 60582 191924 61814 121544
461323 15899 144883 89028 338269 20732 202344 43415
359483 250726 358605 293881 9232 110768 331618 72401
347177 31246 198971 226516 162463 45217 135642 107346
523603 333903 96152 338428 450044 95737 346703 424237
504359 350279 111861 230924 225273 414109 441783 706
518249 120692 396900 184670 135917 295308 178292 9160
441319 419396 181383 255738 399600 292397 11513 135030
443231 180681 399674 103142 206299 417289 44629 213423
394969 65451 217908 63228 17345 315605 363532 122154
503297 1705 74183 485134 304438 264194 402978 60
450641 101872 230629 318474 188803 191234 308546 52543
332393 209117 91967 81318 144489 22559 80933 1775
512101 213704 26688 164201 260535 102242 382792 356877
297371 24528 71069 92680 225708 21587 61943 1797
403621 10747 59317 5014 235947 120481 41996 103616
377137 14737 235250 27174 322356 314433 124185 257765
392347 258771 322699 170964 381966 32091 173951 107214
422861 87500 201336 206566 348381 86713 393307 11327
330017 61616 197938 93032 249686 201416 261655 289675
364687 196017 154870 352486 84115 89212 161997 85251
368447 64442 121909 309752 224525 116668 302683 18265
402089 315395 241025 327581 32490 328180 119307 247508
284111 69272 156655 104082 115794 247584 143663 19850
455863 24953 37655 250547 129711 118101 139713 272027
408857 271533 384867 181018 273952 256016 77084 293795
331043 232909 211088 63231 101352 241526 330673 51760
485701 27695 195913 213010 136874 193466 345071 221438
363061 9309 356238 320413 27183 139839 82300 37395
404977 77618 59064 174650 239206 186756 364177 359179
488503 130306 169418 464397 277385 302353 301229 133230
421847 21235 242029 110463 93590 45145 420351 56033
282563 33459 145609 184353 90263 247959 251395 79974
338959 162142 95658 266966 243169 122499 219636 4910
481067 337860 317432 162119 147727 315581 247265 24852
396311 337679 13344 296669 300823 285802 276443 388527
358999 37825 264570 61804 124934 263713 4616 16542
356219 164099 323525 254633 312462 46185 330076 282446
402587 214118 202087 133388 266902 123861 89675 392810
510253 303958 433941 392824 461344 277682 135218 503898
305147 112132 123952 220136 187748 231248 90725 58111
356893 251510 206407 93712 97529 317485 293267 31574
400679 265922 269701 183967 177999 142517 219814 90937
501463 250142 355631 85782 162067 199563 414841 82504
394631 77832 119607 282045 67355 115662 280699 4198
434167 44896 306174 325836 397590 177505 267667 411810
376969 322362 353186 185051 101627 141732 218689 5486
634519 457376 438874 338665 372478 419988 486650 143553
956273 168548 376678 383506 856256 819566 846553 5038
547397 118994 501448 533728 396717 347913 522849 109366
806257 748520 45052 726499 242416 305619 38418 533750
930569 486282 904006 172573 200411 915768 614944 99870
710119 542249 576266 68495 443125 176423 359354 12588
938857 263344 112798 164217 870952 182163 251355 623170
601651 129719 455837 169414 476352 11006 341453 299373
926357 377727 762112 414566 426668 781022 340155 13319
679279 45009 175368 55450 625853 3418 250028 61703
770449 424428 763099 659145 88421 552431 69478 675093
542921 225538 281717 354934 296064 211527 268883 514099
836347 155369 650410 213380 430275 322070 85328 594323
603613 469039 513590 593441 446334 7441 551517 31461
986989 722568 210610 903200 552783 278594 919498 269383
684923 443135 302662 20459 509817 270321 242949 532017
617723 548897 184865 356712 536590 106663 231663 165579
846913 481113 466782 638092 323500 452740 659249 465173
863959 208355 161622 251523 143924 318573 670870 131419
912413 628289 747059 582183 254062 683128 153352 265904
570659 241746 448240 500209 83965 96382 78339 483175
966227 93130 672420 895543 416112 333513 615577 88217
983861 312171 14469 856182 385745 507524 639252 897596
540121 204157 482104 491414 52789 517413 222392 275591
871229 200281 275699 745559 717950 225696 360025 46619
655243 29404 303712 618323 89860 392472 285774 440691
738083 10823 11318 661586 295164 496033 9476 340311
770177 469115 231176 101234 529982 345472 666605 62239
683381 13475 587495 143798 119253 182356 268064 572573
776173 759991 226719 220137 235210 283986 396433 35668
949307 14631 558547 825888 917488 340944 707022 940625
947119 789667 720493 136055 408841 390114 65164 209400
619793 38797 322533 145258 379369 106900 2093 282431
840149 434738 473226 287019 138712 514097 70053 338245
949931 496243 825827 430531 617200 761305 588447 223876
683257 570926 570794 395056 474683 113408 289504 8669
947741 95625 664880 438317 192463 835686 308448 111049
930617 683232 632094 431146 473718 385781 667446 54286
1018097 239946 807853 642442 930380 615574 43436 697502
929303 450281 555752 869062 440114 169622 470152 713263
927187 111974 618244 776121 230083 899457 736725 117152
637421 603593 132033 44970 514341 27532 87936 196661
541529 328247 248902 234921 540608 172390 264191 502207
594617 44926 262736 67277 235079 515956 278637 545950
580807 303461 172649 178921 129392 501165 157885 99673
686513 129731 444107 382002 52112 12862 261107 15732
839029 175593 491131 405784 390437 507289 228196 14372
702431 39477 21775 651015 182822 80083 673260 185246
822907 822063 369639 432468 718465 606751 660886 150300
852391 237774 205161 501308 24165 588633 803676 663477
596821 254583 155268 52947 537686 175933 56416 5567
569077 478309 40120 214927 478910 519504 331708 180485
533831 1371 7240 59823 400434 410342 406066 66445
961529 23713 98937 811155 212046 348674 824152 99443
958261 444051 125167 546737 770063 791449 109302 123511
812701 57340 502292 132177 30860 515242 359049 32927
657617 322715 88351 221534 227955 277805 45659 379699
815869 303941 633346 320461 25183 729795 68286 332299
667309 71626 416011 265653 404194 165568 2350 28162
723589 651152 470299 538637 59691 64791 628848 112243
902767 699200 80021 234982 205372 220677 205591 695487
555277 102843 12802 179013 85493 67808 209262 115132
946109 347295 831909 88314 758485 498255 562670 150750
782689 420214 527695 18031 67984 530732 389283 176871
765949 60030 18746 368015 222614 268316 541917 35210
1002647 563461 689673 119662 679156 409893 797827 66634
996103 478261 787389 685134 663448 839991 250421 981071
625517 258816 282271 280332 68355 355697 47431 7520
797579 239258 679859 576167 737924 124529 209699 472647
688867 620937 163319 353521 439569 242486 317676 22485
589049 295064 138659 370938 182736 34069 112365 113158
1006547 973289 386889 146680 950400 207208 82967 223418
940879 190292 346158 817551 661011 403129 589220 469545
1019329 16749 292195 793205 361262 781550 406116 184232
576671 174562 365919 142698 517675 6867 119804 299363
550789 508624 493981 388493 418633 399299 521533 50902
986239 178457 18095 174558 586400 322566 673693 482347
953149 760612 86201 786191 784183 645245 511491 124543
921001 180379 566564 17223 792225 90530 496546 53973
672949 586680 635747 504088 93111 226970 319686 591438
778733 549040 351164 88912 740935 132979 254042 95360
866573 66759 252384 772810 723925 832827 622711 428490
677471 671801 586281 489386 173988 56206 618274 257123
537743 236346 153097 11152 232950 25826 465424 231119
652373 426373 214639 38786 180229 499802 461564 510840
990377 185417 965519 417847 183530 681757 399389 15859
983923 937472 548340 459632 749999 434862 875513 89695
848119 381137 262139 573729 219207 196744 779010 226832
985597 268090 770143 389989 718944 4233 869516 136517
617719 503280 615249 531628 26379 206249 544150 476910
928883 922917 682923 169641 234932 458360 435768 276085
640267 582663 45331 299319 305430 19495 382841 144433
749267 6054 541051 344074 748877 404985 274683 167473
780041 91286 287140 12864 628574 174401 508405 60406
696361 297607 190581 196374 582711 224120 504398 104740
656323 47464 433454 350868 89918 615819 230328 66991
710933 444142 380144 119612 238320 614363 88524 346651
533543 61654 327806 345823 156686 364769 436800 78856
779543 418101 753171 294907 557662 422884 626349 403720
593869 5607 289068 62271 250746 512102 492222 132406
1960943 125272 869775 1405511 523352 1431734 1476101 1589331
1752181 955883 380629 1196559 394912 62900 1000372 131114
1243811 300485 1071902 480654 777476 170988 235562 4720
1309127 1116937 939873 143877 876996 893991 494150 64143
1241869 796336 978229 620900 797512 735315 116473 55406
1435151 619370 149212 1149591 845571 14923 883503 232417
1168399 1166566 645568 557654 1014916 771885 626057 49417
1766291 747514 1521802 827176 718257 1688611 897492 1158800
1989133 1614080 1754676 781660 591570 522317 1393902 505934
1754579 1480853 312378 1439602 924968 1353655 901556 1158403
1830119 46764 614869 489122 85953 286073 217706 241688
1591417 357142 1040623 955594 1458273 1146150 81088 1173499
1305679 440922 1253561 152816 1144505 162884 419975 574478
1502023 596386 1075648 764271 236390 1491831 1002345 25055
1690357 1115726 34612 1175738 83917 99087 825047 497468
1414549 724559 950171 484751 163359 122260 763495 718553
1790291 231075 1278597 141616 1653792 1316267 479038 251398
1643387 483248 489278 98723 1527731 189227 1046738 412086
1674329 1657810 293889 501658 469059 1188250 352113 65204
1210439 828241 589571 263678 128778 442191 603736 60104
2034757 620458 1945716 534023 203416 140257 1936254 1836821
1193473 1166580 554340 536034 188416 157208 1131449 373197
1296833 45916 539801 368075 1015096 419760 180164 350845
1341911 199449 352278 1135645 1075278 995939 13594 76628
1683589 768304 97988 1059357 1530261 50956 966058 1430796
1242977 884284 1187496 291936 281728 110462 141360 45915
1934689 1479329 1131814 1229030 1772502 809060 1665150 168162
2038159 76649 1756926 1595294 770721 1142658 273990 814327
1907903 637869 1496143 1328024 191474 1127944 781247 420366
1936303 1493874 945412 1177713 1021861 397371 842374 669179
1923853 628276 44324 1014173 378547 1907203 125742 1770021
1970237 1336984 946932 1904418 899810 910582 216143 1339027
1175833 1038095 1092034 561666 79489 678167 757196 48344
2014897 769694 1306810 1027137 1313822 212520 191221 1117866
1221097 1051581 216048 886877 282367 1029481 648102 1150381
1810247 1437049 1236441 877979 688786 1756233 148543 266384
1324721 733971 149525 532569 576394 50775 258589 501925
1415837 1002967 244937 92148 882672 563291 372566 25624
1116637 1093733 447884 68459 1109123 31990 522826 195794
1293619 502806 249591 906712 1061002 1111033 1047603 444530
1738549 556096 818393 956639 952029 1687303 1114691 466760
1934131 647684 950741 1274276 1924522 1619413 316932 139793
1722563 297294 250596 1651302 1506274 96891 379583 110397
1472041 1464062 535975 826863 386015 869515 722878 12344
1630621 760989 238783 766952 811958 1539836 1458116 76054
2027537 449107 855639 718701 1514191 281920 1379153 462491
1648583 809683 1379021 923464 834363 1522722 910349 499204
2073193 1758034 287047 709021 1442343 344714 568809 164052
1876829 1685876 1559239 1570580 837428 1700466 383427 32789
1063823 104706 293398 41092 489957 535309 509212 108553
1104101 258065 127793 282099 65474 906656 681925 12893
1813751 611155 1673735 415899 1576751 1139528 774437 40709
1090589 961568 385251 768126 328945 416767 204505 222464
1798763 1457772 1327373 211520 739898 86270 1019262 123884
1123601 764812 32623 14363 241931 648294 195852 292230
1259179 551808 627042 1015002 505522 879503 736285 151236
2062297 1611996 868973 286203 1819538 1693003 947985 500466
1628779 601572 154945 1071791 760461 1190392 971467 414896
1999871 874259 1905606 1571022 355813 846426 739082 537876
2023267 517789 1695162 813953 1755710 892270 1472664 497613
1618207 1030738 490040 167436 1325912 974892 789407 116298
1554569 1373628 928736 1256494 1462439 388967 1512126 448821
1707437 314281 111256 1138347 1483006 1205722 746871 681326
1085827 982631 682604 385109 883048 15738 615768 231132
1609771 663458 189303 1556575 287720 706735 59687 1248600
1261913 817454 1247749 505766 404401 907436 700644 408223
1520527 68233 481847 1268564 525210 1213689 1480693 82165
1395523 233180 918987 291697 8704 998984 423691 49084
2023159 1836966 880801 826607 813570 1381214 1533268 406124
1881559 682265 852190 1528554 1770174 407830 953327 797194
1092991 904053 932781 967771 1009253 780434 614835 59324
1529449 1201437 647860 1062179 882285 165069 1071338 904780
1235431 292792 1010127 999738 674395 66036 566478 66375
1258753 1163439 893458 165533 1169376 214058 873051 844098
1663609 1657151 321164 126642 1505736 1536887 834105 1086467
1429187 589632 1227247 863875 850937 872900 420449 890519
1147583 1090783 476736 591407 89071 706726 695739 1071041
1136809 136403 206417 1039504 782275 135424 792099 69143
1328741 3813 559898 580504 203381 144566 607925 116001
1327379 198810 1114158 268236 1262888 710788 816351 319157
1231387 196789 590313 751697 418122 1152780 1165533 197844
1960901 1425969 1823670 984354 1762045 460097 72449 205144
1701731 7939 1282132 1215417 254136 1419087 735945 481511
1090127 7410 429354 762057 248536 95311 766853 452093
1964659 409152 1014402 1261320 980495 1469963 669621 64889
1241447 73935 1129730 1000185 223366 264325 4080 245967
1968079 1328151 1142082 667184 625064 684349 830557 435489
1472333 827158 331907 1011881 108530 1125007 230845 591114
1462247 989724 435182 823634 538860 29538 162281 627074
1493447 1399125 1372420 1340861 1261519 1177775 707145 365559
1183163 706045 192853 85567 702296 287359 584952 289100
1572689 773015 922261 1373372 1119567 396737 1373087 968738
1352149 552111 404557 336355 231381 727146 619676 94781
1539149 907560 174272 1240757 752650 394119 901387 135572
1863581 535039 1426888 844848 875327 1381577 187190 1744920
1462423 78488 684052 958636 1460064 1019966 873339 677822
1643843 1076124 1119966 1200997 615633 700865 641454 1301529
1158629 424069 371444 645711 1128110 819560 816050 988484
1710619 1023323 1404676 62074 1086954 535090 381125 1400646
1926931 1555979 1314354 905894 1018582 1900490 1304990 1221431
3281297 1064467 2799621 2169794 420263 2472094 2262830 1848230
3386563 2684569 346255 1843040 737713 1621867 2793275 1592008
2350399 934960 2058976 396024 2045583 1849261 159164 33897
2594161 205645 2583634 189006 2541726 187005 242754 540002
2958863 2344183 1992008 2706980 294936 2223155 1129787 490306
3545567 221340 3469411 2576102 2260494 427284 2846863 635746
2369641 1347569 1272449 1630390 2357320 1455957 348541 1692905
2108251 280823 1073649 1821587 1620213 1844966 536446 47874
2819647 514646 2204366 1017838 2373352 2199958 1913603 1643942
2386313 2055436 166717 244914 75623 1335196 2042076 60624
2366011 204289 2123346 2000181 717259 2275235 405839 75208
3269029 1997386 1488908 3020913 2364826 1136274 855139 20883
2468377 675689 1688535 111544 2139902 633251 1974847 898315
3228683 2833906 3073634 292130 199718 938667 713976 240358
2632579 838585 1676741 567166 771531 573839 2095998 79157
3080419 1453698 1991459 2249483 1156337 770749 373462 625907
3904547 510955 2847484 815060 1547321 3331093 1288091 1343536
4068329 3668222 3180497 515604 3063276 3905273 1247584 5154
2476751 1245820 1239913 2270731 280762 363549 1699029 1679342
2897611 1949924 1306017 2757995 2764688 1484534 708091 1297710
3906431 1068788 2984557 362119 2104585 2581448 3255025 1874161
2598091 2515478 1504046 1163771 1560763 95938 820840 2177446
2214929 610837 1219428 772394 1372627 1918996 2079997 61801
2140309 1568245 364899 222226 549546 99182 1035160 7850
3587201 1409589 90745 1293169 3528999 3207748 1524833 182089
2977231 940861 2176511 27553 1987004 2592980 1278194 346587
2442227 1435716 1737147 2388722 1678646 319389 1438280 972089
2447141 453231 1926539 2335286 1503695 410866 2174051 65929
2268671 491553 29633 353431 1208401 1590913 1741874 556342
3505219 1642383 636197 2955642 1831961 1915394 708892 1999018
2174171 609586 1551356 1362 620998 2013746 825595 68784
2728241 115356 2484035 341277 580021 2432505 10326 98336
2775637 623535 1392976 1842131 39371 1127482 677024 310915
3937849 2055327 3641962 3024283 137450 3214027 464354 1633089
3564157 20495 543505 3053071 2342845 3483130 2489115 1232706
2373583 181315 229250 139834 1288491 1794500 1071547 48278
3852127 383868 3754314 2461306 3463496 3182095 1827359 1592657
3475897 462309 1452869 463403 2902694 1644698 2929722 2606729
2206669 144946 218231 1659166 1532838 1336062 1619187 349374
3343229 3295265 834074 1393858 1688019 2165779 2243502 1531964
3039761 309755 2371978 855779 1490955 2866484 245105 527453
2341333 482017 1244044 1054623 2049667 1189901 1698651 1672331
2900297 821006 1172027 2532275 2161273 2172023 2439067 2687797
3015937 2284798 2551927 1135190 1089880 1858794 1861338 2522724
3982201 1959863 2964049 3839402 2692830 722704 3083902 34142
2160203 551764 1959356 870051 1051733 986443 1824446 1815078
2843689 292666 1737099 1878007 1501696 2444998 768923 242384
2623937 2571424 145425 717094 1871534 863056 2100455 305474
3953581 368116 3753680 414177 3395940 118465 2274560 1023710
2203589 1650807 1420810 272893 763472 2003995 1430454 84256
3283711 1002441 1948285 1494707 2892490 2741976 1450160 1967852
2767477 2351983 421290 2657669 1060568 650997 1501215 2120
2620283 1920053 2354881 2150576 445367 2251378 1354217 203649
3711959 3583224 348135 1482612 2634434 2837773 274653 78830
2532403 2136968 2196750 2020001 2380053 1524503 1702279 81658
4029937 1610548 3109692 3586099 1500660 1679798 2660075 2553413
3007229 1137084 2143156 1144975 1000175 1559384 775605 740782
3115009 1431732 2804531 77829 2870546 2443318 785382 234791
3772687 3705670 2160271 2087527 462702 3538978 444550 747249
3672997 170212 2297579 2302631 2227360 1544974 1142174 19378
3948317 3047706 1413827 1920317 3151768 3016205 1157022 1577991
3810353 1438336 326527 3165544 3269876 534295 352934 1322534
3686651 1805469 95700 765120 896768 1941544 2024758 1888897
4125853 618885 3715577 3578634 2464695 2264945 1888465 889967
4193359 1542244 815519 114884 2906682 4136972 1543744 2106792
2836357 269567 2041022 1263099 1153276 2336851 165558 142176
3637057 142899 1327443 2512682 1604045 3172833 3579924 164853
3754577 3744406 1998507 2110465 979920 1827369 983282 219000
2343037 516780 891803 1521480 1511806 2227193 756405 96640
2655701 1998 1049013 791449 1820375 2373627 2652079 564652
3436049 603018 6763 931438 1053017 2093397 2823822 749596
2189101 1248524 1027393 883671 358577 1504945 1793072 255157
2684233 1425476 224030 2067916 692574 505170 2355252 12285
2812261 360182 1599166 1481848 1113026 455619 1061281 1926367
3262933 3241885 1663020 2280217 1255118 2569248 1281829 393539
3293923 550213 1772104 214936 48718 1799350 1750951 980445
4071373 968996 183699 274857 1228238 2437667 3127454 2394564
3115279 1137794 929918 458751 1853404 1897702 1067911 1500195
2227109 1536860 139024 570298 727558 1100509 1840433 860551
3884807 2114066 3806422 275965 1822944 722035 167191 246218
2321773 534614 1882206 745091 1583714 2104409 894058 973441
2219093 1796100 1913343 615043 2218652 1154474 151834 274395
3938257 3289810 152104 2747547 2858858 1588052 3581262 1063436
2636143 1962710 1906583 146735 57299 565365 2002735 1031724
2259823 765282 1557854 1552380 963785 1502329 260537 177290
2711081 2603979 2042491 735482 1247678 2311511 2451555 2533616
3717377 564777 3152237 1015216 1904794 1305604 1226304 103801
3411091 1769380 2262883 2974221 923618 1387709 3146963 389241
3633233 3602395 2104443 2812163 2693914 1819104 2068426 247309
3588029 774452 3426330 1391987 832874 3390601 3176186 904260
4155631 184445 2606382 2111893 3522956 590303 2106354 1296518
3508357 1971578 1465947 2849978 1937750 2163026 949398 2255290
2289761 762774 1831407 2042447 2059074 1905734 583455 741702
3488167 1500327 464908 42402 1478149 1800485 1331414 3421220
3242039 3146546 1196852 1474935 1676003 2513021 2184949 1123051
4176217 2757527 1251821 3314584 54032 618465 399651 3605609
4022867 2136150 3089700 3935073 2118963 1379511 1209157 3583093
3389401 3125148 596404 3149553 1269209 1765240 616379 1611957
3939259 609697 2749775 3495682 1519770 2051388 2746729 147183
2187769 1933521 748349 1565194 977861 1104258 909721 941845
4261709 1883294 4233261 1559836 3278754 2412697 4081079 3831081
4365859 3654883 3389857 2634254 3534078 2512782 1561471 207452
4258411 4084352 3415803 1486565 973590 833142 3605442 141976
5676823 4418300 1615916 3906853 4306129 4700533 889176 241793
4863401 4768592 309871 2263972 4652835 1616477 2868781 3224753
4503253 2462206 426146 1992328 535527 576488 4127359 1537171
6400627 3297437 6205122 560308 4616142 5805784 52548 34091
4204309 903495 4106125 1625069 1031834 2653378 1135697 2324913
7221079 3014294 2099750 6926784 3305050 4834343 1278338 2329972
5857879 728065 5595655 1727998 5420355 4403549 2570421 3392449
5504111 4112300 3240370 2717605 4390145 2617676 2618135 30806
6450277 5479145 3562633 876012 740270 2859330 3288038 2815355
7674269 7672430 947917 6183799 4024500 7270404 7130557 296069
7078373 2105595 1507853 997907 5592861 1635653 5140968 1027475
6037189 28211 2974766 5434896 1506879 356898 4748716 3442829
7239913 4085019 6394827 5536836 3981879 5926950 632457 585369
7403839 1299747 3210085 878222 2744346 309354 3322394 295668
7204289 860528 5663750 584418 4104056 1874964 5288537 15409
6727297 2763291 6700049 6259216 3412508 4693741 5688642 3159031
6348061 5421703 1157404 898238 3275912 4363635 5780379 1525790
5712151 4040894 5053509 5629902 1485792 3518077 4149030 4622479
5403611 3935888 3160437 5201848 1188612 5384172 3387290 4441054
4520227 1968112 1781154 2728678 1305887 2116605 50193 688829
5661287 3375144 753992 2269657 1766738 4471930 4560596 1488549
7479191 5785655 3803097 5860091 1581197 1973975 6836757 86603
4927751 1547673 3589323 3263752 4229268 3670017 3670288 3581916
6826067 5240360 1660514 3492280 1427080 2660474 244363 1777933
5361361 2707510 1801779 1162124 4592491 4363279 4947710 407990
5409721 4289518 4710575 2278415 2840424 3569487 1802147 476672
5014111 1468838 4136205 4125744 4291726 702095 1007994 4078385
8355929 8260342 4616445 2212482 1777965 7957144 1541274 5387293
6271081 3189856 125915 5117997 5980975 362444 577320 5642740
7137379 4090675 474678 1051180 5606692 139994 510332 455541
4548121 2579227 1736776 4168276 2537049 122428 3157119 74936
4421029 4148684 3518328 606760 1545405 4276195 1671692 2647069
6972781 1690342 3451141 2873653 3626352 2015056 2457653 6690778
5734997 3396330 4032730 2725812 5216605 4762933 4879760 362119
6317951 5701619 361884 3680975 1441101 3140172 88400 1258263
4204379 1930170 1967670 4080437 1397270 3000705 237480 752725
8202919 7511056 5849961 5061532 3866752 1802638 6198234 7972
4608287 541716 51761 4542371 2437544 1775588 3757720 4253900
4864493 4794692 3802566 688580 2018832 1540912 559952 436540
4616147 1847580 3998744 2167374 2351440 1448441 1037470 4171102
6301969 4188605 3500226 4298532 5383258 5853376 5145417 448721
6000221 5386014 5120084 5829731 5118653 5309423 3025770 736949
4494859 4328449 4462594 2400357 2845741 388636 873402 976592
5379167 3346223 1883587 3432086 1627256 1929840 2684621 3688714
5376209 1440551 2517933 1166389 2821341 2562622 299947 1827287
5165323 2404366 2852390 5095077 2134893 2384294 409308 11614
7539899 1159366 6467095 3299663 4348589 400386 877429 2869845
7728311 830947 2166571 7404576 3632289 2671555 4068907 2637494
4586227 3170769 4101025 1001671 4229236 2386203 2257536 3852309
5594509 1682190 3730982 4514193 3233808 1162273 5339250 331578
6481243 5412451 947994 3346863 4901838 4011385 2849118 2485313
5982121 2276357 3150942 2568098 5257846 973946 3262448 344641
4695833 2552263 396768 3760596 3381080 3678539 1918703 550649
5862167 169759 2607205 426664 3392287 135448 3473398 4307947
5990119 2175043 372927 4671531 2464575 5622175 3255828 625658
6972061 2005878 359924 5415746 6089915 405031 572536 1182885
7070639 3418152 5644181 2428460 762437 6279463 5667255 3824841
6335317 3080534 903055 5197505 6311593 3558808 1273057 1310384
5768089 4271902 4418409 4530322 1386145 1384594 672386 180928
5534159 688095 4430983 3127871 2428188 3522459 718674 11723
7100279 5324434 4464458 1877001 2762861 1538616 4134484 1423395
6551087 3290923 3218151 6234187 4584070 5569523 2974416 4498524
6056293 1601393 4746226 5742059 5994519 657778 5813945 83129
7984901 2226494 7347630 4302728 2404284 606357 3078471 635495
4406713 2163182 2881511 3230905 169770 286794 988730 1007596
6140909 5074459 659904 5586121 5499471 1323940 3395174 4564710
6315607 3736448 4973851 227500 253663 2634010 6027991 3907318
4637239 3771620 501339 1940038 1986136 503993 1231690 979217
7124231 2970038 3061997 2824598 1199904 2644132 3653353 2133068
7978463 5898137 2642416 3944888 993391 5353388 4361068 486626
4330331 2425279 3217321 3604979 3034120 3556471 686823 2324876
4355231 1172082 4000800 2970301 1187651 424085 3836688 2241469
5980631 2779554 1414013 363441 3064013 2024488 5500867 325125
8021831 676194 1183458 3206473 3573874 2823959 6821157 976306
6775919 6454691 1298585 2010410 4153021 6201230 1256958 2499609
5770117 5596052 5103052 5732313 1657037 5381276 4132117 1420477
5043223 236910 2791917 2364209 3960339 3501043 1969868 8859
7087273 454651 4738387 1349061 6948176 1542428 6026798 1094274
7588627 5732490 3358463 2795970 1529145 1700720 1725618 2842156
5365231 2043565 3172036 3018040 4814987 2231730 4260398 1556635
7384393 6327541 4706855 428495 1989688 3306215 924829 16551
5512051 1539893 3378275 2241807 4967315 2311347 2145916 3148005
5688493 5142280 1367923 629541 2512028 1505029 1789744 1824768
5890693 3289162 4020529 3932692 5776505 5884120 2789688 47487
7962013 7495137 6284065 1231367 2757556 6450174 6778664 2555242
6030109 4543530 3922710 614753 2908817 787401 3521789 5432260
5998907 5814100 2948531 4342638 1856863 5598973 2846579 196559
7877323 3637199 4210729 7271531 238629 4215641 760220 1109038
5824409 4237521 367018 5737708 4543534 1278934 3326610 4562548
5329801 527667 613622 4762089 5156197 4456624 4245216 74155
6272459 3664022 3505488 3200039 3380678 1920029 3463918 798416
6708781 1193349 1288553 5893562 6279014 481258 1678093 2100937
5600047 3182190 1660902 1082468 4715660 756403 1144823 337636
8162779 3038259 2662807 4998382 2317752 4288613 620814 301857
7278811 3964785 3705891 1722748 1946036 3088762 225034 2105045
5408653 1930391 90717 2264598 4387967 3996821 1241577 266719
4457447 290141 2516855 2704315 1294943 4071591 2531611 60269
10233253 6940963 1163071 3442370 1904855 2595695 7168707 3775368
9899009 3885692 6275929 1906015 6902605 5331282 8294071 139753
13180681 12251151 8413905 7138318 12936672 2873566 4069221 4731837
11232383 8672499 2420116 9212837 168639 4963141 7635343 514184
9225947 786172 2966923 3591159 6066403 5668123 7240024 557342
8753267 3209151 5481237 7120489 4472997 4083282 8525860 2062739
13745993 6284547 10329517 11215919 12948550 11286313 420315 218893
11844577 5647219 9503990 3461666 1698355 2420267 1922221 321305
15848551 12431011 6489637 1295079 2176006 5530477 2091432 10563019
16611587 3445720 14362426 1134915 1824977 9856333 10144018 1637532
11276437 1278524 1296211 2455632 2459178 3754180 1447343 1494354
16417559 9561518 8216045 12930154 8973269 4159715 12446340 4149291
16290977 3812675 14960495 2383277 15907251 11708777 12224769 4868157
16037921 5565327 10946860 7636172 9818704 6563949 5633112 1918970
15393473 14890279 2117625 2664179 4624946 9846163 3455718 1760591
12968149 2826697 6304419 10405610 12607492 4170026 5933073 9135146
14520607 1917181 4834531 1219239 3603082 678275 6998471 11202555
11607439 5145671 10663817 10981559 7735599 8767873 8552132 2454564
14812271 12162891 3479185 14364430 11893403 6878983 13802188 5667866
13783097 6605523 7361063 7804378 6713218 3930122 9559493 144893
8946491 3639364 6407175 7454049 3934253 8177147 2951112 1472431
15296257 540586 2900213 10568156 13384403 5534789 11109446 1315161
14029261 11082880 2620451 10228823 961564 4202122 5892422 13551397
12794767 8398311 9200953 4109790 9018103 12120256 1066021 3460071
11434201 3985964 1794400 4415056 7297 5322609 8519832 1344479
15164887 14457441 2669084 9188741 5654764 570105 5685520 14040147
9662911 4107675 5137636 256817 6669431 8740905 5012864 3078524
11863889 11256626 8195937 3428913 575341 4949626 3331753 718699
14482747 11494837 11853252 4848048 11275428 5304293 3649463 11705724
9499079 1325744 3189354 1606088 4364403 2216061 4743845 2500244
13792973 11013329 3851084 8601961 9659819 7045186 1871118 698787
12373007 4600374 1664492 7721059 2575504 4134332 7165159 892524
15393193 1622683 4545246 14802240 13139668 10763762 15099679 4990068
11018141 3440642 6798237 5023915 4975262 8214109 10374050 498786
9688919 4857493 9682841 6154336 5817131 1113823 2446440 3473115
13736711 3483804 3429917 4170478 7436078 3683021 8961237 212075
11911241 2164974 10384155 11479117 8639647 5953313 2725268 939620
14058601 9282153 3138471 7933890 10773605 13016270 9497110 369545
10160791 9249923 5359910 9792882 858458 3906195 6505310 167883
10441297 9730849 9751731 5486928 6965928 8132596 9757745 503480
12318763 4055967 8491949 4668606 9276511 1888105 3276108 4041890
15885553 348145 4496493 3631892 10778849 8582082 2186485 112266
12992621 9495459 7625729 7484403 1126715 2422427 8655016 3009763
13050553 537427 10797022 10876570 6062083 6470251 2985950 8847538
13128719 5956905 5553723 4040873 2611785 12281189 5706650 9316
12178993 4602216 9792188 6687467 5139563 3953699 1164587 5907422
16727681 12428511 6976129 16677873 16058383 7073901 3471794 2545936
11625851 1712060 6307970 5559871 5951432 7643353 10720994 9003363
15877937 7389328 6480908 13364692 11430337 6001028 6931073 4886745
10222897 5571231 6123487 6869428 1572296 7225838 5479432 3785273
9326117 9189103 6482910 4658760 6248840 1543240 8445144 8836679
8638381 5974141 4896882 7229606 639203 1080950 2987868 3409210
13026703 5306739 8547838 12987473 9328911 11942874 5740290 91445
9877223 6625603 3879514 5447355 1404099 8760422 6448991 666485
16211231 7715831 5942664 14287767 9825281 13341672 252556 294709
13168109 9846472 1801058 3911871 10915113 12773540 8821265 465772
15296933 13381881 10227600 11016202 13877674 10591505 6076127 245718
15279323 9298539 1884375 14275556 7175894 8959461 15064792 2005408
8515687 5229317 980698 2487786 1504468 7189004 807164 3882773
11350057 2476651 8968378 6437825 2869364 9611718 10496847 4122491
9211667 8255720 2136143 480439 6921911 8453614 6686220 167970
10266041 8800937 7156195 9889969 6376651 73899 1870523 302988
10940389 1297129 10670710 6371001 9797469 6429790 2836463 2370505
15004751 10224657 557216 5559287 11142890 5549107 4229983 678408
15460309 1919541 254270 12407914 1711334 2044738 6641814 2828786
16587229 8340666 16535858 6925005 9989128 7735071 12580381 2611865
8822767 3235218 5766321 5109832 5294368 926100 1886378 3437372
12196447 381665 8370849 48431 4278017 8470432 2012170 11409284
11642167 7037565 8244647 5590614 1475321 1177746 1385162 2286271
11407321 2813540 1133752 6767363 8335190 3442098 349561 2787109
14255179 14105455 550116 5865411 5025132 10432050 3995266 3210215
15817831 11647764 5357961 3680274 4483733 6632624 12378411 13377829
10226773 719660 6438171 1723542 41672 4034608 10120434 1935982
11672051 10153765 7639556 10063083 8858417 4382547 7230528 4153433
15102107 2726373 11137417 13624278 8126797 997654 3065407 14906685
9932479 5689078 8595342 1325585 6817906 5497824 3041997 6176975
13333841 4799360 10672377 900224 11599279 5278657 9270105 981850
9569743 3114595 7742565 5680756 904172 77808 8096680 6322269
10798093 2394090 10202613 3903229 8302959 10645976 234047 4001454
14641819 1689269 3932054 14487338 4586379 10313084 13298677 2654760
10793309 2060590 2269737 10678461 8138715 3175247 8910375 847140
10905409 1090957 10277337 4818377 2879198 7773244 1840491 2863717
14695117 10785091 8095731 1119555 1615819 6709228 12278236 470720
14955277 11569782 13684537 8661022 62421 2151738 2784868 14008070
14930863 13930793 14519026 4424658 8630491 12410732 12598603 2786313
14284423 1040581 10731666 6579380 11981310 3625528 9624574 8708874
10197989 8540614 4123627 6256045 10192612 7142264 3045033 850941
10127329 4623584 5840887 6637938 248915 1896304 7280416 1003506
14335259 13630945 13120319 1012921 9543945 14001878 7510699 1998528
16356209 10478309 13091383 14396564 5487838 7803229 11063399 11506191
9348583 2776045 8610435 6146161 7392363 6860468 2143709 8958027
10328753 3626648 4791886 10149002 77884 9560570 7513268 3522256
9250243 726958 986321 4103734 6846676 7432742 8764021 204559
14415287 11378643 241329 524565 410947 12904358 6883530 3930526
8472049 7990468 7947902 7545187 5407066 3474817 5911891 1220445
16611613 4797060 466453 15311924 2725762 13447781 13864551 9674800
16307611 10953639 5659515 3283479 2860659 1053630 8108110 1969211
13604099 11845194 3095113 11636714 9692010 10931812 12267575 1026324
13725721 13479383 10533386 8493370 5673929 8580360 9446629 5182471
12503983 2297938 2036821 7552851 8490793 8443147 3791305 6261114
16943587 13779463 4283715 4479422 4817716 3233519 14528953 4989382
24503989 9250220 20121341 8756019 16723935 16515800 5668760 6988240
22557443 7385302 16322867 15528379 6795484 7494432 18915877 17652541
22599649 4989061 14726647 20147402 7445824 7905954 18132888 10191732
32194927 20712584 23156664 1950329 29576101 12631845 4520549 25113256
18794467 6758299 7667529 7339438 15683700 15522773 17598958 109287
28195319 19216410 2259058 5955818 22846393 11138308 10943077 3063933
21775969 4078104 30309 12211250 5675570 6999781 18722745 8461013
17873269 11953968 14284013 11302099 2926085 9601316 11214508 12934787
29261621 4460316 15730806 9032113 608448 12933957 7877771 18668570
30385331 12864096 19384846 12790310 10378089 24367551 15179834 2850913
28598291 12172917 23340409 27177638 1475186 24704254 14930477 24844174
20389631 5248623 14687948 16305457 12199371 14516768 1712186 4200353
17716597 736262 4527317 2143547 5689914 7370927 11155394 14380633
27227063 14756640 4773788 17231607 23936944 26245452 11655832 503382
22267097 19289523 9238753 1898789 5690995 19649564 10403811 2991110
27469187 6597400 10598028 6247354 20908246 19642319 10646979 755356
24903973 4446595 3236225 10364074 22187880 14348084 20436041 794510
25949419 7948467 7902296 3272768 20069531 4923451 18122412 934812
22674013 22532038 13809201 17591797 2820449 22360688 8039553 619746
33523499 10900694 22616729 32776267 1593965 27528960 22326352 22586692
30360509 20321494 6252761 12206230 21867784 19717256 9397216 16955199
22052189 17550010 2082453 17374872 18357908 20955472 19263170 17909535
21227357 508749 12415189 20198176 19047329 11828927 10930779 1645858
28127441 24625648 1401096 19452014 42429 4345667 22244459 23487418
31493467 30735898 14658491 16321511 8757626 18434238 19734781 12827412
32973121 6723272 3409100 25234717 4492887 14905671 14075468 16152294
22638173 12595856 9932909 11968943 6479852 1130474 15125107 465486
22154999 1236892 22102543 15040942 18714022 13201465 11927932 4751649
28026601 23570949 5915725 24254749 16012163 8886222 27712598 13141937
18018293 5906954 6105410 8170599 2680686 17658786 4199652 876697
33518141 2807230 24942500 32053221 12487232 28876228 9197337 2282187
20028977 810900 12957216 4788683 12633664 171241 13266076 1996750
21255467 11880417 20694065 17545795 3591639 7886739 9565551 7305494
31198963 18019393 7858921 1525519 24704292 26746129 13584502 26500305
18247219 12312481 8753934 9621183 673176 15972994 4921403 15514415
29657891 17467075 22649375 2449503 24269043 10670196 29417020 5247745
30283711 29582495 15882275 27611390 26658356 27345064 1775542 19959689
33136013 1170172 689942 24248948 25387096 10948372 13585570 4442912
21846421 21746559 9534040 7481192 9801567 1241768 11552338 1218788
16970311 6392454 14420137 2190061 3341620 1200298 11129435 10180079
28381163 776207 9886540 16331506 21612863 15466195 21680748 12905384
32988797 19563297 27072361 13986684 25056513 27494991 6700443 793050
28172593 12393607 19884760 17843864 4678585 5827563 17432820 22953943
17434819 4954918 2059967 5514233 3845015 4152700 13314965 9080346
25377299 19247324 14687385 22198927 9822953 7110771 17215026 12421568
18132431 699153 8269307 13517281 16329743 15634594 13235649 1399889
29914639 13851212 19577433 6367444 20877361 13308836 15814871 3207083
28906523 13562263 21723623 5931147 28873561 4210981 9572698 19477203
29573459 4664420 11108520 21870481 21841262 19788634 17445822 5988310
17545127 5252335 7992671 9495372 4132650 5224184 13255531 2861658
22200337 7051111 19264498 20888472 4750712 20469787 8407591 14581067
21010987 12709673 599353 2347628 13592824 14363811 11321796 19161590
27822349 1004000 3765187 14941070 14934555 13803958 9140389 6112484
20361343 11652577 14568815 1608241 7089474 20212966 6053896 5047712
20451253 13931844 11514195 19112013 2683764 17189867 17631303 6663050
18216053 8798713 5336830 9138721 3157217 12191762 1485409 1523360
31587893 5792529 197491 29297273 24566054 29087140 29208114 4278744
21175543 11719967 13027944 10914342 2785769 14162351 17332366 17254555
32226587 9876145 19655754 23280718 11502363 14078346 8628682 5470920
17633633 4282035 11465810 5739826 4706797 11174950 2545952 13474525
23861927 542265 4501314 13935604 20804664 10582167 904227 8179530
20888431 8744658 2255720 11534024 6772307 12119379 4573183 42825
22001339 946043 21459114 16240596 1001357 6496574 3012394 6615849
20421883 2420704 19643183 19001859 19627869 944447 14968001 3649344
23001007 11430342 7467983 12116969 17970813 16955801 5754716 19151697
21063983 3556683 6114757 10827890 8040371 4530805 2788152 464946
31449449 3892269 18817316 5132811 7009660 24711885 15853669 4603841
19076389 5152775 9598696 9980393 18763402 8970269 13476396 14146666
25537133 22032785 12722816 15023061 15735859 13564582 8301517 3426405
26066497 14092677 11813660 8469379 24085634 16731830 13010685 906626
20511749 13472393 16412983 8166862 6093970 17675431 15197106 20237235
29125813 16778476 20452637 14231486 11057548 26100383 24598518 737726
30231053 11098583 26650786 19187089 29736054 18406251 2047813 16383651
32150453 26815325 28469535 20483360 9611191 6707653 27261398 932177
22787993 4643489 12326507 7232577 9394710 20130300 3799694 17282127
24642437 9733773 2250539 446403 18733212 7076896 19811355 3943138
23352961 2896700 14721230 8685941 1457964 13285484 17582075 5020153
19210291 8788052 8196590 14962937 17031286 3172416 16646395 3115357
30801521 30754758 27514802 8032015 17243531 29625348 76008 15540400
29991509 17978412 3742748 25681059 11344674 20168149 18038732 2875136
22460479 11272936 17187593 12389510 18575712 11460935 19643518 17040968
30400109 15660432 202823 24248301 28058052 21414626 22186908 30010206
31137731 18618646 4163347 15538160 25214033 25387036 27939652 14629137
28251413 7723656 4060432 21188409 23862478 6486386 7669317 8563765
20807183 9386254 20503001 20342364 13516917 12940159 5296734 2413031
17808731 2701485 7888685 11014203 16370198 3547568 9680854 6035177
17953193 10166780 3981503 13580344 2665059 14853724 9186389 3696227
29608499 641642 18686845 22673896 27020119 2672037 12536901 16126009
28494341 24099102 3666593 8553819 11487698 2369300 21652869 11157234
28201919 1279968 25300099 24463889 14440500 2739488 14552854 1750573
21757199 3799891 15350757 17272372 20905928 10642544 6246941 7796273
27052339 12686171 14418006 17805035 8621342 26024026 18592200 21802588
31500899 17347566 17787623 10187819 16428869 15679443 15089301 11191699
20400967 8037397 16782427 8841619 17140727 18388150 13170391 17816771
21132841 13909643 9192270 5065090 2302593 8188330 16207195 7944230
30415111 23671326 18666504 18274165 7449395 28043521 9840947 1263052
16782473 11461460 5901713 1743386 8427888 13090441 7775916 3567994
25135973 11146696 4647381 10252742 20487497 14980582 3415626 3110226
30995557 27826267 114130 18332752 12545091 8682479 7061982 3408171
48409771 2857572 14947061 26829500 7300105 16619541 16954307 7901514
50905889 13773076 38665083 41906611 8240674 49237780 5545148 2258614
57702121 27135671 42098885 354740 1129990 29019783 40597791 41119181
34181137 2046729 11622777 4279470 7523225 27814908 5330935 3901245
33790291 7714088 314836 20289394 9825056 4184878 19233696 10551436
63348053 52937070 38078905 26459107 55910533 38848221 2978955 14874892
53201171 49155463 3624125 24084641 26793278 14672504 35233185 38896469
39932777 11069420 3610075 12738580 36622697 7134610 9682689 18385368
42757489 15852032 7328661 33646518 3707746 39713920 33045542 31661317
55603693 41236370 53244515 54014664 34656850 42273895 1299385 23790402
43483579 37466943 15020907 8662178 39756827 9708532 36975198 5773348
47460137 46059890 26386011 44340648 2753337 10081961 36394733 2097619
61536067 53982368 5905994 57850032 36205650 35854088 50273240 7809457
58526519 36662425 7730619 632522 54888985 14820906 9927994 4632052
44917903 32273627 20416926 36758852 18404197 995551 40733904 14952842
59001893 22783313 29746879 54674524 38137910 7256318 7016094 5013840
34684019 10562321 17450494 13440974 2941652 11195066 33201933 1008559
35719351 8811416 17456551 22091294 21949225 3769006 10444949 3894334
37387349 25816999 27624866 37038199 13590747 4171502 35044890 23837145
35978543 33088952 14796735 19672514 2282600 1733817 363201 2321044
48157649 28594285 40061171 21458133 6391608 10404511 19088719 33284279
59639599 9517158 57067935 22643315 11819256 26853897 41692284 422074
54265619 16228935 28037241 29261910 24653711 12532323 12197181 43271989
47977967 27061515 838412 19654927 5579593 2204330 3308919 272206
38814827 9960849 8945548 16830254 36595155 7378401 37233614 11570696
55403531 7444569 6179732 44116935 30204893 53078612 48423315 38836774
34539143 6895993 18291056 5692459 1382255 20257512 26189496 26142154
54857353 35457630 30072317 1692741 6063019 48913051 27168583 40188457
38754493 10607936 3046137 22219860 620251 29516829 25835987 27528441
57130819 17648210 21828764 53847981 31552399 56960617 3154578 25279073
56119879 1451064 51710345 35996170 22197401 5945600 8743071 14571044
37856359 35885709 29515318 30647601 8495846 11172381 2581336 9371954
47034209 21533799 18368726 45743811 3422379 24932642 2110550 1150297
43402159 29587996 10649810 37833211 42423329 8609179 28239146 9517598
47453053 31273565 37650802 1545560 16354517 10841039 30363294 3714275
34498327 12986228 32906383 12448412 20870556 27093829 967411 20618012
51462023 38705927 935116 20988387 10890117 38712734 26709805 47936936
64390309 60964597 14125267 53669394 6820936 46960474 21659027 33153130
39846241 30936792 31722191 23444911 5458542 30358969 27747780 4409918
48794281 38906131 10724831 16865169 11569695 15816086 4186659 10361579
47001161 18963947 32815123 41524936 31651412 32412971 32576830 4513813
63040321 13587614 38064764 27010994 50360431 28329258 25992347 7277170
50712587 10897062 8366408 35629461 4802126 14897947 12267736 48030595
55410827 6052442 23079601 13029950 44718574 30725475 35052025 21285283
41601113 41208564 15176698 33117697 17815791 10644790 10127434 15508146
58614581 15020573 57714506 36023308 52161964 33221783 22049298 7731266
62237443 32465139 1796620 25814337 32023104 16835193 26262110 2530549
56498573 2509604 3535641 32619054 26471207 33331774 37286247 819151
52690357 41608683 21852943 32845644 6234410 29078953 38346395 2341748
51671981 20516431 12704564 48559513 33575392 51384412 8803710 3105663
55723667 19277217 178955 9957300 6612497 50341346 46847236 48322921
48513967 20871399 10729318 6128976 42526932 8351536 9487563 1961798
39554939 37982736 4728653 15920963 35909953 35934455 30831057 1688710
56580523 46891291 47259189 35783275 54291817 44084866 3778733 13253518
48407599 17933755 2062247 27179215 346542 29186093 14413246 7231473
50953627 1601335 21964643 37269322 28876571 22414128 24435527 13383786
64186691 30698673 33654723 6696682 29626162 52945949 39279801 52896432
46879697 15547270 19152976 598599 21299042 31538853 26442447 4351684
57895051 47294465 41870672 3804096 46663597 13691925 39306628 43203874
49437701 34397951 30420644 36445597 32204934 44518813 24913860 2390911
37155967 8652318 3282149 8563642 2800173 10151048 26151394 3577699
62328401 45011906 28717178 46075799 57304229 11663372 3329896 19242526
35481821 9442835 18181285 23080375 24475224 33360796 8865235 207958
59727329 37163266 16575449 14811089 39213475 32369306 31312063 20399505
57600827 52913893 3719211 28614722 24515620 413400 41896156 18154271
59505601 36752219 10907518 17484079 34674913 12057983 23381363 2816197
50047901 9659782 33826632 2453429 6849029 6832759 47546707 10511950
57132133 2570596 15079324 56702619 2613065 43136664 47138689 1674936
44410439 15194942 1890418 39290885 1637967 24991805 2417787 2847514
38245553 23779966 20675387 35841125 5234886 32277851 5411466 3761785
58008361 30293698 54116482 42888819 33124023 22735978 36318874 6891040
40474601 30799504 12625014 19954419 23382699 3057717 22061533 32967400
46483753 24067178 22268476 2004787 15953407 2514092 23013917 40172444
55918243 10104455 14995894 52554132 6119665 176233 4309297 1695347
49649293 30502304 16109491 46932293 93878 47302418 16586679 7266091
56855213 46849815 51101835 42961806 18860307 49157570 3337811 47774240
39077531 28978443 19088752 27753230 10131593 21925078 17030361 741238
41905727 27782416 3120768 27029753 14090817 4391529 15097839 7064611
66602033 65558208 54235968 63019854 60442562 63697977 19524762 22099250
59713679 154903 9346628 19805367 3426455 17815260 25011764 25669730
48487963 8820034 42531115 34160107 15800711 36702073 29697795 19000965
37522609 30924422 33460506 13136733 12912280 11714529 34245786 32858142
50508317 17467870 22861394 34023327 27496709 39540112 49857634 45915129
65088679 38294900 42521469 57343583 16937149 39005601 21101585 572030
65534239 27404428 63315821 53298628 16088581 494364 23969882 29698688
63289999 5358851 55066368 35766882 28957667 45158632 56894150 12679109
60219931 51746442 30499799 47043339 45164649 3665880 55920655 10083010
62548271 48084897 51019687 36139912 4199938 51224766 29818150 8760826
59287499 13165523 52705135 27156224 8387608 37431489 1813180 45262697
52146049 45083266 26890149 38525270 41300671 8655176 48955155 21707413
61280603 43587243 49390138 38867949 29098869 7054783 55693334 17398197
59651159 18902611 4383579 41211105 19415017 58929468 34626942 7622090
60944969 42314701 50916333 29043229 13041371 8699980 22422193 2242403
44314637 22387324 38623006 35706625 6142555 22544320 27693398 16431091
39886799 3405374 24274222 10982053 14117273 5645654 39210220 948913
37353013 34379292 35538139 32384794 27120522 28509813 8413876 6960099
58067293 52380488 5077072 57378299 50120734 33522989 978287 26848505
43635637 1161681 8799450 4766291 25617253 42553586 14057919 257152
39090767 20985216 32924315 38102492 39072754 23085457 9694695 4252644
60713503 3167745 5683409 36521528 44250389 33052 19949949 19291704
86200111 82961103 20984283 37219876 67133457 39763956 38280298 5770846
118305149 64983983 74348153 98563162 53941844 93667091 73036515 43529405
103780811 76030230 57814721 6229828 42446698 53957522 7461720 11863094
105337571 87907033 88185594 97441242 1273757 79847295 23370894 29871718
94500811 30382959 69948090 2503763 87426147 1693239 34404378 4536870
89534989 4266925 30408954 37969662 38241395 64826732 62537814 37754036
127854197 2798882 30842490 43310640 125590347 106922182 30048128 23596702
108724051 105869684 2656999 93683071 16926940 50700602 54202760 954949
96724783 77851222 54265145 63746219 30375795 8510297 17267499 44095762
104934239 64308595 75627212 28620129 28401695 29119982 24407749 6784155
104808917 35720439 72203027 43528264 29520284 27217338 14806820 52735222
121252349 78328704 9183842 83554961 55918686 10841784 86138058 6456094
117807737 98658549 29526284 112112305 86715314 22842934 65092794 40958247
99603653 92266171 83427948 68763292 27248173 17444586 97061578 94452809
97122569 7410903 34414692 4057675 65136468 84021010 74874877 78135084
81514987 66949083 37169378 28051671 25558716 72925089 59574381 6215499
80701003 44806933 9686904 55857467 41501680 9102446 21061888 62141507
129030757 52398951 23017699 125486388 76349219 113577888 72820550 85164258
72465359 55935869 61410396 18876692 41510582 15462501 42644714 4053561
134017657 80020406 28181572 77780480 112590513 107807257 64287277 3634829
92699389 92398512 3027497 25421097 54289004 59554992 65050705 2129040
109012093 17892287 11633867 43297692 90918515 14382496 6151934 10487405
95188069 26770746 94413303 12954768 21778582 5706123 32701162 735426
80600953 17646078 65678333 25407158 61716433 45762264 39870685 51145163
85756127 7408912 56972220 50743739 19952187 38545714 26301006 46235120
109305773 51327728 69499058 20861543 84271182 16979185 90053786 30056180
115428371 97830313 79190718 46416529 105254171 97984032 48753591 9626282
118930661 93903427 24186121 77074474 41791643 52749302 67660603 17823300
121674541 49437332 62040844 82355010 13434026 118942034 38397610 15594326
111249563 13941270 48270584 51780756 60090008 50567647 74171507 22888888
85800073 24013401 2814570 44821202 63555208 64030539 14483705 13061246
128040589 112843898 54878267 93984544 64088754 73135778 127229651 38491941
129690959 125602016 52866455 26307929 91561180 112437776 56946711 53319621
104835193 52829430 75952951 102273960 59722413 27665928 6009278 43802694
106294609 28479338 34622319 52634251 81338887 20518032 73303974 10482500
87671189 81602972 83021714 66280447 51615627 29590612 56084874 1487170
99198899 80060045 38161524 72057627 87974644 75445351 63422685 58272908
84670777 10900507 71394975 12272416 20049266 7318056 71240298 11354571
83718337 36801385 33083553 45013921 45714528 47234055 49214799 71312342
68348057 4171097 13254633 15618998 4996175 13966590 36858540 14415302
110627929 39843748 22258359 80258362 106681263 102465298 87525780 9205930
101668321 44231915 53907722 33877517 73491210 86067710 100097398 3925627
72531689 30775974 54634174 72507377 56015236 22817730 10804138 2823606
84995311 66369522 13956087 36370550 27966308 48856291 49491893 53362851
124911253 12904826 37057512 15469572 68324170 103986108 107859360 83778147
93332699 8160267 61695156 82998520 18439695 11803639 72232382 7476930
123069809 66590260 27973342 60572274 98178605 88630031 102632000 5136179
122976677 76907768 105423268 66367975 49982865 93871937 111288138 38426152
86650183 38736023 4405535 30290222 12244092 70390573 38519511 2016163
133219693 49252452 14870549 112787514 25605465 73332900 67853265 84396654
122074319 92144389 9257142 3377037 103734569 38379492 62229711 41894845
122132447 119235658 61405759 95122864 93299358 119327253 58458420 121722300
121859813 51652263 105545791 6266470 87047336 114307553 113202257 1549221
121963027 101291291 111297095 58499700 82778583 18569093 99615364 31174838
133925531 132607430 109854715 17923975 19846183 68508276 75229430 21358357
73946263 40661681 62317701 43860178 37959314 30509518 32513529 51918949
115519111 103015343 1208337 11673955 54760920 33142002 31342278 3942856
122210503 57911672 46582393 80844651 101435984 45938175 33862013 26134348
125037949 79039635 47569519 2242196 66350874 60511933 48567789 443464
107413043 96598518 101298530 80389532 56417342 59549971 19849572 1357772
121101157 23766872 11622052 85484987 110010757 75926759 47049282 49224698
96345517 15708475 68625442 77283487 70585236 31029720 16473164 4198394
97970773 86467533 28974266 41277939 40257930 52755938 39061353 79749340
129245759 117700007 67644510 73281780 77217363 56299107 79814028 4346890
125573731 115311368 51478534 71017870 107990077 70134961 61795708 113790435
104984989 10585148 9701472 54239241 51236432 12203220 23797171 12136439
72803011 4516835 29482217 48326879 8891790 32889630 60593566 24575523
89742673 84348111 32595522 78338019 73657986 43030530 19438221 85671435
133641419 103432085 49856082 73862046 96576108 110788095 51254237 10106580
118753703 112642283 65882769 44239096 47780720 17928074 31552242 42418629
91922891 65857561 66046814 86250273 8705445 59365016 6821270 5863879
100008253 34133047 93654445 90289162 37749746 23705411 29379519 22068847
78986659 53220969 23764055 60055832 17979770 7905079 75272161 2120191
95028599 12427570 12590375 90942016 8082344 701591 90677418 6393679
120177817 30591350 104079996 101999220 64039540 68626551 19113458 83818949
103126217 29044661 44156047 15448011 10991285 51087897 78243228 52548559
124623859 44896002 9382080 36555671 30273218 36017345 94011738 53166741
93239521 67730330 86613334 9056074 81571689 16125399 28488063 28679136
78902051 58385920 67135096 33010289 17925190 12928723 18308233 22767045
95076259 39905026 69558108 78658455 31639931 81587534 75852379 15104019
82048753 50544515 57376360 14523074 38864485 9336588 74848310 9748988
71021729 24532277 7521150 988717 25565336 12808420 65263117 49354215
120287459 75220049 84097358 79721582 53078289 65992486 101588977 36489595
129349343 11780866 97674435 22999637 6127646 115677223 69831211 4812
117925279 100418350 103674080 13900408 115537180 105258332 52707812 79009761
96855193 18883571 77480707 78772929 15323475 1798998 9034658 1542612
80154619 23548884 62894431 42289309 8871783 12789678 4054223 5427293
84358951 17731745 25032100 23807138 5005665 17345259 26288589 29004714
90526141 27164782 69553690 80991621 46193777 35169095 74634238 303346
113513861 66398481 69786659 71239348 4039154 713166 69637381 23977144
70491229 42597372 23892789 17265606 7088758 17817096 50939909 2927402
98607133 4368759 36578329 54917945 69758941 52612778 54016704 35114156
132043831 32625750 5099100 41342880 21149832 118644797 62246 40694637
128869361 98223535 94352731 11945183 27744825 121921970 7575750 27650265
72968827 48681348 70054280 41775144 18071587 31077462 6689891 35726009
82791847 82328101 44026753 67893922 73104982 23931094 34824871 30063415
83505823 69064359 28479172 62191201 59742427 77739019 35572395 63008518
116055223 79188627 108437479 6785646 242002 91884655 30635773 540197
132955727 115773570 13121149 93412313 31544127 17128761 39431909 10308688
76224041 18934478 7345756 2607961 69401913 61993121 50454815 30037931
172016129 105451698 55827251 137472738 65254620 146551063 160974983 15115279
254393089 63290895 239045330 66427501 165881589 165597847 92513783 116629521
185343563 58326799 28103227 145117643 128801687 60998038 85037585 30852902
162377491 42849512 24848674 56085680 65470343 12269014 151232744 12654823
244678727 204497384 102886122 63159503 175626591 90240873 211248500 78700953
146673721 145177318 129238535 46345778 59307166 144532384 142405959 912133
146964101 114914112 62344639 44564790 134543229 58485831 74866084 6530587
150039737 77455238 13152758 52734393 64810692 83329344 54287489 75540901
147752609 42704725 90771386 25056521 144148397 76191622 146134535 59473650
262653023 170973070 86702444 226769849 202245895 250785577 174243162 111328676
208266263 175018753 35566595 195374 122493397 54173269 58405167 67495926
237368111 129623931 234968828 197372149 200400506 5678555 54052884 29797517
211984021 152022668 153693813 179078171 205527173 171008957 141113412 85540072
166805153 107372694 147367209 60237331 120358424 2044014 655319 152453565
239751851 103131360 207393876 165653926 9088981 159060062 121092157 68166329
136333423 37708775 124448825 4697813 71869572 80531864 52355916 1598182
155530051 50913442 101666277 39482554 86738256 137638741 73485956 44686308
252807433 126009462 42300887 98710531 88549190 171198867 12020471 673186
253398359 1296929 63517735 43340345 98302478 205830386 96144825 118148035
153545243 117794080 86727998 130294540 42259804 66115650 23166462 79406387
186172691 10294593 45311336 35349866 75699330 58727808 135828599 87511371
210975509 149916332 9579066 152267713 32940622 143277059 157935879 210192707
184131091 141783913 103906311 59765626 93647272 49663408 156724516 5323
230849447 72273481 171586754 153580756 48838005 119481197 104958321 109522362
147026777 72627321 97428039 34085307 88567595 95237340 119263985 16755963
244992353 136436505 49556208 226794688 161509525 38763554 66491730 33873022
171371423 39135522 59566642 36187573 23120442 50450742 49925879 156629973
171617113 57332129 15489243 168834078 42066036 20827589 154223503 39736475
178884907 167029382 92018886 175663701 88583236 2529310 48456545 85973688
192892289 171499752 97895999 101149784 2706512 166508069 84860060 15291352
246400067 174455842 15330307 106163874 126867064 200809591 70010009 49362305
233371577 169172577 144532719 83075541 129364203 113009466 39202875 79375246
232960619 231086681 96588296 217571153 102867126 164930502 114429669 214181248
247004353 172764909 131685207 32936717 53705989 127639155 128413683 24549086
216038629 87141713 60740350 23997739 85220088 124455139 31893031 661289
168991489 154896510 102861656 77636307 25573741 22985349 40252535 80204940
149699281 67114534 108544098 46346686 58507012 16421615 125969288 286861
211344233 193175185 133440464 107532032 169107426 83534238 157716476 62611755
262938551 19640528 4467799 64176288 245285477 188077796 24811164 52987272
142073039 24275702 97063743 20324039 43213737 36030523 73539327 70599865
208804039 112939778 149054214 136393259 56460617 17314480 129600712 37881218
162987053 110959098 104154880 12092141 87898178 161692375 24860473 65530184
173757823 42002836 84695416 102928001 66179279 106900903 35937388 13119305
136704613 34201574 22865367 47977301 78381463 13750220 44252329 5301045
231829711 137984583 66281287 32264261 56308619 94077489 179208579 109274052
208979377 161363543 78348152 151816506 207243523 135856108 153067473 192306277
162477043 13628362 143078155 57421706 158651177 63926163 73314172 5943773
250579921 246581074 153833317 199531266 249518476 90284430 227784031 224848262
178036163 23018406 1919982 48136766 169818453 21011535 13144256 13606872
195573293 147777662 28009592 72752414 143724307 131898909 183417946 180585105
158747009 116396656 44604927 83752035 70003145 65374300 63636835 35076968
249690593 229146656 95743548 60861926 224921262 179940499 87116106 226375131
250769093 248738755 122926757 97320870 22937757 177038850 43084697 179437033
196130663 4928190 101581542 105719139 113272701 14346920 63277659 190510282
235822451 28802074 26008141 221543837 51752165 232105505 68705906 61345280
238133851 63052632 56538339 23926882 125966525 138987493 169659715 227678562
167210167 17361057 8357614 106071621 156289041 105087853 72559472 129861
202414517 78646966 165603452 63358013 175934908 101912596 88942798 151934142
188418107 165359481 170447730 58078190 180658580 27654968 27565183 25336953
157613711 77448550 90379656 70849153 143743714 135457362 57821595 18488343
182001163 31767750 149292548 16672629 89529321 152644726 24178653 1851211
256338281 41498384 165746679 77486977 9961970 73618505 249318644 5192787
262452943 114377097 149441658 177129834 77605753 32145252 133970928 14706081
265013183 79169146 1021217 197557016 70792057 237871631 168883618 100067767
148782379 95041670 4020451 5339797 136867603 41972438 127580473 11859933
210115001 32806517 194938889 100242419 5631002 29108422 96812780 7286208
262030049 142821951 50717136 183594038 151705655 139769687 205496517 7781000
265542553 42623239 22881456 206570538 168932933 256138002 192216681 4232287
184040383 139823517 129759839 152782794 105738529 137971274 14397963 8449048
257173933 23965387 117207913 160885824 237778860 25193918 95973724 80538241
180358561 91162272 80593072 173266403 50140882 28028100 87232737 8445068
187913893 107053089 48224330 91914456 54339540 50998855 118461162 39168986
170810639 152897621 78051370 63989966 26426935 23542670 16326485 28089068
190276369 123462277 7395852 162004219 142184641 94440386 160021717 9221742
244273517 169798651 117238933 24270208 173464887 658015 119809915 210015216
230443009 223890103 61979879 134402066 79870184 227619816 208869554 2075965
224102387 194712654 134776339 30714409 32718244 50757977 32827321 26033478
232653217 140025288 94060364 136529167 121538268 197891686 222397982 48562823
171407461 8407014 61340834 97827869 46537403 81615685 24417107 5184064
147349981 74632867 81948359 3508671 32788368 109856825 15211187 70402615
173360779 103071870 127543166 98762792 8267390 131554606 139358479 13597283
164437181 139509211 144628514 101922058 10830830 28906276 158991748 25760644
190380907 49484956 105909263 98850048 130789252 96497595 36256083 48547164
172473017 137232021 16398886 62755850 26042740 97069836 150237212 13849455
189760463 187898458 124689785 45661608 116282959 22382500 42292704 27482743
149007373 108199916 17808604 124201373 7515 95204182 47099235 8019194
138625339 84067837 98583178 2438346 87209137 54849449 27748003 100385597
134916181 62615243 90189780 125102701 86008344 21002538 91750671 17416385
246194089 135439687 97996145 117227276 206299005 218796630 16912898 13314508
222072469 14171844 168697355 129583116 210953237 60353172 215832791 44068598
181279639 83701104 28750423 10325061 866723 134422186 970636 139050334
156192713 71228181 13749761 31331842 141157631 126907141 30111359 126246650
146691931 15594133 68675958 111842471 43657733 87316460 53067237 103083605
264137723 92825969 114570307 10175489 118909222 99896621 235179014 110801147
198797447 37479121 182865616 46268573 140917435 175467967 116084907 1525882
171675397 24308403 75463501 2681108 54004818 64987360 40126924 35712184
264903671 36882074 152950424 53676863 205890343 233415764 14416119 237268
200945449 99405892 66150045 144380651 147836577 68297431 18643247 914622
177426839 167497057 79423770 175865106 101277493 10127638 118733527 2843455
175342763 23619453 40471803 146220781 52185777 162942090 112316144 14254897
294617689 72302609 85608636 208832727 63298087 92209604 49413163 37197527
272080279 12496377 53835241 203530527 228307251 71989445 154990323 49116278
521884681 148056141 381731691 347522449 270172656 200434955 427341195 223523432
289527211 88710212 220556842 22974553 118423779 1321150 110795979 25643505
348096347 2603282 284009252 289736278 51770571 316319215 302033440 60578291
277282787 142239850 167941001 71827453 112692165 99377692 31397181 64197302
423254009 269101994 70680545 345932030 396093783 172425451 152085809 43012972
536741873 514379710 394852565 13944651 127968793 101273877 404733880 87539162
296093969 151708456 112779429 76602773 71572116 269580272 154241001 110482991
295436741 4434376 22103514 187591756 117730638 223873359 138087806 10817194
490176641 356251928 384974985 250253750 150213921 487252758 154034266 65768127
322922393 261140855 36837399 233199247 79734295 204554224 255278610 106026664
444808717 258478918 273339819 117555251 218589454 73748309 157403485 155301902
329227229 139871200 64110259 54791381 308765974 193069823 259158142 195254275
512974829 229884578 479458721 72380228 241058396 338041040 155831192 424414849
531715117 449835023 522878394 195110947 439413376 188011358 121142471 401676222
364972081 178304246 192171057 58450525 359565776 31633000 360063457 97292805
402023207 54587763 363968409 283696137 36085138 379066858 289383271 24777485
342066653 288572710 38832811 239854814 119760440 4330676 122159824 2570749
268912759 35273925 118789327 159513553 194990324 45022961 178607124 123727666
347456227 334648313 296921921 310811214 598600 229153139 51274949 285961448
446012923 33337436 87639320 95121582 12902775 353162677 67253412 97028517
439902707 116061964 150288391 312436662 32345781 31353154 408820847 351425396
456730073 330494408 392606294 205454503 357706284 128138147 202621115 16689486
285440737 76272835 36284295 24284129 103836629 186044772 159236701 20988413
349902583 303612107 205475501 182664511 327914611 233498750 276408814 64995518
332268949 46020979 226882146 68937025 211078342 141809905 187169379 15378114
453713593 38178906 419954655 425454114 351018532 7897700 138165753 38377673
465108811 7609138 283354622 28088662 365785870 102509017 376714775 174082110
331763869 223599861 305755973 47416277 330766586 53967778 176834211 202187891
463839479 152430803 308307221 185078909 117191791 238897996 244773902 25313651
461110379 358055321 240601163 384019587 273283466 283569892 412772553 99934055
278048857 259436689 96222403 9430338 107338025 116288277 181251210 486788
299626849 212781213 150521255 234063553 50074840 162931807 230708206 27072813
476471791 100432293 326139975 245799820 257153769 382157764 343114720 287865436
381476441 29734476 8308122 214630120 332205964 42711070 92247107 141326015
405900829 211757861 59973310 150317657 330424762 43459030 288826521 6315586
499913443 377729294 46165740 157489614 344722955 51365630 353502146 58923651
428136931 147222981 163396761 277028849 294409426 103721083 262981706 26011518
531046687 174866760 13549899 362656101 130571543 458225216 98652938 61997562
485358611 162179653 260475201 112245585 5980452 434661816 118257292 230321578
282225737 232579564 46749400 73285542 26430435 183895830 69740033 23683696
439165219 381621582 422214154 265748088 49801157 231981842 216190810 19748965
381075887 291964613 111519090 321870648 214427950 254486424 368758078 149255604
426083131 218734121 415252096 204747558 285749287 53312987 125042458 325702955
464112097 198097643 416400450 108611539 43176715 288565244 139900696 82669595
330187631 176584293 207778260 100023652 236412186 128184865 312442609 313791667
411385339 96066745 241896394 5745853 352360703 410192095 16224236 126114830
517340221 488635247 227385672 293544427 318316118 91931000 19045902 49826438
415787831 40761887 23852887 140912520 88851213 57021978 320852279 68384946
351632299 118898290 270496426 177692817 11372756 139047889 40031974 302015767
371361511 103245619 251957922 180191382 252487618 353070092 31015492 51413714
346060133 12478772 42368729 230206827 199599473 154099837 135921494 210898928
408858391 325316256 105073404 134673588 326369529 122739999 54056077 149650796
410807861 380590215 229541872 146466127 298321015 300669422 5414459 6364107
369096487 29001115 282566595 367520356 100631636 297572223 332611367 10635496
275914103 153261739 130218521 171696176 61336347 252267102 193085409 9903618
287715877 133269779 223686725 101571421 6716496 196916726 276955901 1421873
459195119 315924890 163711410 85191320 42773992 454114084 81066939 10691517
533077199 447741041 148422741 473095122 255680776 466312510 157076018 169293128
332934601 204418095 189126765 65688424 50366788 297801051 182599229 80481320
330559181 249600905 80779034 251794194 187109231 326048223 236754208 42637104
428025251 92509419 84426295 360597799 63299623 374447654 391395631 67108463
464532847 454385402 93034408 422199744 318100007 153814303 58166981 2865616
368021879 232634747 297570781 162393690 344871879 67412856 117542319 338961097
373975123 235722953 322324869 233578676 256485455 120536466 341867261 8998750
342948937 51787612 67528398 190003924 120035665 228800442 176730921 143241108
369644621 214468306 35008511 71856601 357498425 157369407 99367781 2289152
485433227 39621244 366324908 223647504 286108200 390378263 458721849 30881534
437894131 343632174 56548110 70183549 62622913 177018284 427956737 140907039
293824261 109678698 258480547 161919038 82514899 105532050 60760504 99838769
494745751 370501642 26194241 75242322 384813122 415520354 330203595 55854843
470593021 263080139 151363651 378423821 201362202 230476482 310180 396061153
337496671 170808445 296759414 270839342 105575160 335719975 328750217 4833924
288091109 21438508 140712386 32410658 194642500 61061994 275605652 274193871
272173471 1128774 234427666 52124683 202835079 53155513 226448918 158561695
321486853 291111711 294211028 130620647 320172652 49978602 228686755 60200339
478678549 44175726 183167793 42499545 340553154 477679323 409663154 123713290
292621591 245474534 100800232 8534262 211613480 233396324 94870683 106258683
332941781 265792083 88429724 259723365 201575587 214629098 109927363 99990942
392023739 272329015 317970874 190292786 351677253 280845333 85857248 126816967
348320047 262114919 165077710 11846128 335392273 77167594 84921134 5606599
536106887 299244886 67355940 374682135 488033391 272203586 187133250 131739828
296062441 281965845 157433651 118953685 286962741 16770310 29447034 44663095
456635999 73749783 339183879 109146647 87800448 171688501 254331038 9728650
425407291 70195998 177459479 211713572 255979266 78840350 136548460 5412547
491793389 143966600 45325872 258237155 191785034 27861512 162896092 106936729
273284381 190811171 132903552 44245525 179262555 126882420 220395218 28241187
499291711 241539386 174907773 92599518 122440466 419669761 474060061 67439661
402004411 83520850 134255061 152586303 254103044 169948660 109814270 383385327
483728501 217198350 109967611 389937123 41894306 127639341 107348246 383121723
449897557 425308141 138228512 60974928 390294331 260538909 71148401 20457991
526571839 368312725 143308397 110153414 96325984 182186729 420973089 9816654
440483861 275773358 289143843 50788068 93487793 321508332 438839688 340548898
424885567 419973859 31562744 334254082 395638457 408830484 244399408 11335966
287955313 34800486 151150538 47168305 138741398 63888234 95276544 55251871
301352983 21566645 192425211 89130156 49099809 105946026 69118153 47633227
455725099 39691495 124748228 156569919 334342375 387670771 292897361 26137040
515768809 460083572 35981953 281737182 422870958 95632978 301072388 42707260
434439839 188143738 237043660 53064265 168240985 59023826 258765415 26162522
1036197163 426528723 30673891 854121190 313836079 517263761 422954981 2821736
805505777 220692650 256358522 281497392 408970747 379790249 487747722 219596893
940104797 421120726 22935170 592056502 798559466 804924045 330531295 296708637
1009167689 591293732 428021653 190021711 30272784 756791759 671304425 34041296
735606097 137345647 212382457 229230585 187192668 82143000 403023403 258406470
803775857 776465903 286803827 640757492 504141424 577836277 322003643 510697931
610994129 568123034 338709155 181816961 175050201 584521999 225841978 46661497
806330093 105147298 9508440 306547542 723518864 723605516 135343004 806087910
981747989 556464181 228478963 849486250 767597936 913271624 782053512 9159227
998844557 396378852 137556915 93336170 914671125 607522258 974358769 811285240
651158839 404489877 317442139 179228814 277985862 59081242 478352457 54207611
684508031 167012181 528461036 468879494 412527355 591917007 254359110 112492518
615963077 476459800 519920118 46733855 375666775 287208469 185964375 112411370
835127173 779565705 444932211 391840051 205469430 786950764 334927530 156649302
892825831 398051861 213665065 36973247 496001650 701831476 729563029 74779643
627673903 273049298 205971433 457253657 231187748 507511284 234546190 192587248
747792581 119862242 73100091 79219354 278776679 348743719 522298383 104193725
624350579 543609948 166360082 574617432 531475871 183989470 18200597 35672736
932824897 404062441 539291184 501493176 559350045 486972785 130238531 55532757
933170737 24915981 566553855 192466341 539622540 758715348 233870205 311677173
895847143 880537056 775629136 303973667 871679344 725299268 343966069 2690371
918453001 417678698 665048749 14955894 494770770 699430497 808614080 23060015
737718413 266362627 284337948 3874260 723661276 18787779 366291902 557558190
928252951 5646020 526750042 793997510 95608186 4880034 598312615 76889231
882334543 796440353 224226036 651924802 767823864 582291485 44132923 138691513
1019865941 926181727 669621591 569409735 511374800 740869894 742838168 655657102
732277079 694099488 540231973 312078786 214962699 618759272 550145331 72206698
895294007 65877947 541335187 256459808 761150126 79454146 691320657 9290397
593580709 337040402 30747710 79849623 366389535 508653688 77478187 337549265
642672179 586662392 399239504 75523139 87803071 540020106 379309191 23033655
951864787 876156952 246344234 122504268 16213155 752898576 612929544 321512837
888937141 695299854 851119071 739352852 333382634 738643785 126634096 115827275
591997181 378967770 251910764 308946512 33322607 123982078 577962432 59836887
818930251 219462620 764619175 639749770 542388761 473329996 364896976 89784054
1001265911 540525968 887155958 396786838 54307270 622231074 308732368 503866361
663724667 432186675 483004602 270547341 139455982 443098046 344601161 50060752
856441483 427661980 792748937 645242406 665915687 530087678 120914401 386443339
578880287 176531642 38794420 371269429 505328488 58181384 326527531 58164241
779428151 432336601 30936987 176832002 624180920 87619544 512837586 172005614
1020911467 948723712 68259628 181633155 51484292 277420936 676990990 352828684
964669201 570390894 522447748 490513560 704764449 39303619 565058974 727647625
901419929 179610453 292905379 468651831 433219302 264855270 349607342 214913879
634366639 156170047 366497175 372637843 511050162 338182515 290967396 168078028
805762147 252323493 238105434 547630394 619828326 130437973 196786879 635812313
1007029957 192693760 199927272 954952423 152268167 894021228 904982711 472141576
626073079 135799686 87236203 442784486 209573778 376155318 153595025 402138133
644647847 369312218 262080468 327263384 513737272 99131472 485314584 205481382
827612153 789956640 453905256 380132831 392818842 366635680 343000490 716651061
665055739 222409123 58076673 583464195 519599900 381007736 240052496 199514894
596554789 97382683 85951830 422984911 363540221 180566039 574684211 564889856
819140149 132512707 197237460 610318568 292173760 683992436 55944566 372272
603541481 479068185 2730038 584536549 465702117 185215228 404759285 43558413
820856831 35426245 611903764 189310407 324825237 216527941 447662723 9199428
640115089 302776411 602305554 581555867 529663615 532973261 183025180 423504453
1061033453 366254311 400576225 834048774 644615295 310120558 915397443 239756629
1006050043 523089776 446121842 97455970 46973638 457120713 869717674 127399697
717523021 433637397 221041105 268153863 23375213 356535859 485441944 364812409
610460579 77571364 138698778 325095869 602387600 546749407 527076997 28883803
760857107 64266195 26127536 630720821 345350494 497321764 495540778 741508
973069883 348400219 259838535 967785343 23125008 418642915 485786704 640371061
822882103 818287327 281388552 564140927 615516864 338317135 331515170 681594615
566735839 368674662 356950502 443295638 138890098 334943190 458039326 48575909
1011770807 671964612 114090178 705495584 477427573 464772149 696072771 255666649
962935009 581915295 704798662 770698184 115565587 116158529 286152239 453110878
1039228651 727386392 924143348 344805393 285668504 645272672 741464637 405386284
612581653 238612141 517451368 597868910 441640990 509674526 52898614 81519133
861934037 565443149 80638531 692866515 545472787 643238794 65505474 429379619
704937817 473102800 532491368 511379880 232863946 198504778 416380914 151191186
564625213 431429006 186212475 137072598 369280352 15295338 297217086 25270692
930826579 892132461 258650007 22893001 915270450 574115271 238604415 24644684
728233343 447855407 306186362 380056332 92275218 330251192 212659453 2295703
669847471 245324106 192397729 644056957 525214516 533154779 295675231 35722081
707159293 477355028 445972850 326419665 226740545 567712933 178750325 156228727
578572283 403264268 290500065 210588792 452272581 244642736 354914066 175228671
600440497 399284126 548285589 592171085 594405374 399927609 396912470 74359916
911734003 320818604 14551187 641923236 222309574 114032618 450207623 34251550
751996691 449726474 653162743 56929805 222347815 719874604 376621394 81971861
696853561 412821292 348150463 141856494 371202662 159257111 445423610 65278008
865524593 329998425 34248781 358853933 188205202 784827194 728901291 319312587
713139299 264065755 443877061 693163321 222569634 525877535 184258953 391736552
969053681 6812981 349608034 120172189 784821297 626680622 961351183 203190730
780359623 13739096 555118689 419098367 285339561 355540396 49623541 663437354
737011571 109108215 186511078 199317136 179593393 734593481 16388713 21959995
842872117 822299575 80062346 397186057 797028106 252550416 436734775 665742828
589896127 377196250 463160563 201519513 92018940 127035342 363917351 298214808
551334071 318959685 534583236 448816124 213452638 95951616 477389511 236396862
858772351 330543609 732678462 596624112 805218726 610823928 545794371 276992914
904466779 878499503 500660313 279262385 548013002 460203762 494747172 371753856
982101803 546759369 896009794 105272638 23331272 304823006 706052662 42636095
700112417 12653254 612455406 106552114 116717311 586937154 313404225 53633796
874753799 481605238 76932710 462892361 419200850 469866214 682745261 376007421
807967879 156102168 29659884 580172880 321870251 345745947 63528244 12309387
845494669 402627318 413389489 636917245 797153449 196620012 57733794 232136843
649243267 249433019 312550049 565463714 127602099 5177379 110036065 551264942
731347763 279432398 344668609 174738590 103962962 380536796 253816435 129426365
755426843 60668285 88000400 485660439 54125385 239708519 20370328 213701136
990560653 238398139 326304686 751608335 478065488 769615968 32446187 257145194
561608407 357012638 110345424 364411795 450264247 404807192 99565191 375954571
581740337 21612169 353823996 161857226 167742786 347642100 292382527 88798848
847851493 2063754 501151009 501378322 536597958 289568998 771543033 108178470
